{
 "type": "FeatureCollection",
 "name": "gsi-oblique-photos-20260729-yatsushiro",
 "metadata": {
  "source": "https://maps.gsi.go.jp/xyz/20260729kumamoto_yatsushiro_0729naname/{z}/{x}/{y}.geojson",
  "retrieved": "2026-07-30",
  "license": "Japan Public Data License 1.0",
  "note": "国土地理院の斜め写真の撮影位置。HTML 埋め込みだった画像リンクを viewer_url / thumbnail_url に展開し、撮影日時を ISO8601 に整形した"
 },
 "features": [
  {
   "type": "Feature",
   "geometry": {
    "type": "Point",
    "coordinates": [
     130.738056,
     32.547222
    ]
   },
   "properties": {
    "district": "八代地区",
    "photo_no": "1559",
    "captured_at": "2026-07-29T13:36:36+09:00",
    "viewer_url": "https://saigai.gsi.go.jp/1/index_dmc.html?R8_kumamoto/0729yatsushiro_naname/naname/qv/1559.JPG&0.00deg",
    "thumbnail_url": "https://saigai.gsi.go.jp/1/R8_kumamoto/0729yatsushiro_naname/naname/qv/thumbnail/1559.JPG"
   }
  },
  {
   "type": "Feature",
   "geometry": {
    "type": "Point",
    "coordinates": [
     130.734444,
     32.543056
    ]
   },
   "properties": {
    "district": "八代地区",
    "photo_no": "1560",
    "captured_at": "2026-07-29T13:36:43+09:00",
    "viewer_url": "https://saigai.gsi.go.jp/1/index_dmc.html?R8_kumamoto/0729yatsushiro_naname/naname/qv/1560.JPG&0.00deg",
    "thumbnail_url": "https://saigai.gsi.go.jp/1/R8_kumamoto/0729yatsushiro_naname/naname/qv/thumbnail/1560.JPG"
   }
  },
  {
   "type": "Feature",
   "geometry": {
    "type": "Point",
    "coordinates": [
     130.731111,
     32.539722
    ]
   },
   "properties": {
    "district": "八代地区",
    "photo_no": "1561",
    "captured_at": "2026-07-29T13:36:50+09:00",
    "viewer_url": "https://saigai.gsi.go.jp/1/index_dmc.html?R8_kumamoto/0729yatsushiro_naname/naname/qv/1561.JPG&0.00deg",
    "thumbnail_url": "https://saigai.gsi.go.jp/1/R8_kumamoto/0729yatsushiro_naname/naname/qv/thumbnail/1561.JPG"
   }
  },
  {
   "type": "Feature",
   "geometry": {
    "type": "Point",
    "coordinates": [
     130.7275,
     32.535556
    ]
   },
   "properties": {
    "district": "八代地区",
    "photo_no": "1562",
    "captured_at": "2026-07-29T13:36:56+09:00",
    "viewer_url": "https://saigai.gsi.go.jp/1/index_dmc.html?R8_kumamoto/0729yatsushiro_naname/naname/qv/1562.JPG&0.00deg",
    "thumbnail_url": "https://saigai.gsi.go.jp/1/R8_kumamoto/0729yatsushiro_naname/naname/qv/thumbnail/1562.JPG"
   }
  },
  {
   "type": "Feature",
   "geometry": {
    "type": "Point",
    "coordinates": [
     130.723333,
     32.530833
    ]
   },
   "properties": {
    "district": "八代地区",
    "photo_no": "1563",
    "captured_at": "2026-07-29T13:37:04+09:00",
    "viewer_url": "https://saigai.gsi.go.jp/1/index_dmc.html?R8_kumamoto/0729yatsushiro_naname/naname/qv/1563.JPG&0.00deg",
    "thumbnail_url": "https://saigai.gsi.go.jp/1/R8_kumamoto/0729yatsushiro_naname/naname/qv/thumbnail/1563.JPG"
   }
  },
  {
   "type": "Feature",
   "geometry": {
    "type": "Point",
    "coordinates": [
     130.720278,
     32.527222
    ]
   },
   "properties": {
    "district": "八代地区",
    "photo_no": "1564",
    "captured_at": "2026-07-29T13:37:10+09:00",
    "viewer_url": "https://saigai.gsi.go.jp/1/index_dmc.html?R8_kumamoto/0729yatsushiro_naname/naname/qv/1564.JPG&0.00deg",
    "thumbnail_url": "https://saigai.gsi.go.jp/1/R8_kumamoto/0729yatsushiro_naname/naname/qv/thumbnail/1564.JPG"
   }
  },
  {
   "type": "Feature",
   "geometry": {
    "type": "Point",
    "coordinates": [
     130.716667,
     32.523056
    ]
   },
   "properties": {
    "district": "八代地区",
    "photo_no": "1565",
    "captured_at": "2026-07-29T13:37:17+09:00",
    "viewer_url": "https://saigai.gsi.go.jp/1/index_dmc.html?R8_kumamoto/0729yatsushiro_naname/naname/qv/1565.JPG&0.00deg",
    "thumbnail_url": "https://saigai.gsi.go.jp/1/R8_kumamoto/0729yatsushiro_naname/naname/qv/thumbnail/1565.JPG"
   }
  },
  {
   "type": "Feature",
   "geometry": {
    "type": "Point",
    "coordinates": [
     130.713889,
     32.52
    ]
   },
   "properties": {
    "district": "八代地区",
    "photo_no": "1566",
    "captured_at": "2026-07-29T13:37:22+09:00",
    "viewer_url": "https://saigai.gsi.go.jp/1/index_dmc.html?R8_kumamoto/0729yatsushiro_naname/naname/qv/1566.JPG&0.00deg",
    "thumbnail_url": "https://saigai.gsi.go.jp/1/R8_kumamoto/0729yatsushiro_naname/naname/qv/thumbnail/1566.JPG"
   }
  },
  {
   "type": "Feature",
   "geometry": {
    "type": "Point",
    "coordinates": [
     130.710833,
     32.516389
    ]
   },
   "properties": {
    "district": "八代地区",
    "photo_no": "1567",
    "captured_at": "2026-07-29T13:37:28+09:00",
    "viewer_url": "https://saigai.gsi.go.jp/1/index_dmc.html?R8_kumamoto/0729yatsushiro_naname/naname/qv/1567.JPG&0.00deg",
    "thumbnail_url": "https://saigai.gsi.go.jp/1/R8_kumamoto/0729yatsushiro_naname/naname/qv/thumbnail/1567.JPG"
   }
  },
  {
   "type": "Feature",
   "geometry": {
    "type": "Point",
    "coordinates": [
     130.708056,
     32.513333
    ]
   },
   "properties": {
    "district": "八代地区",
    "photo_no": "1568",
    "captured_at": "2026-07-29T13:37:34+09:00",
    "viewer_url": "https://saigai.gsi.go.jp/1/index_dmc.html?R8_kumamoto/0729yatsushiro_naname/naname/qv/1568.JPG&0.00deg",
    "thumbnail_url": "https://saigai.gsi.go.jp/1/R8_kumamoto/0729yatsushiro_naname/naname/qv/thumbnail/1568.JPG"
   }
  },
  {
   "type": "Feature",
   "geometry": {
    "type": "Point",
    "coordinates": [
     130.705,
     32.509722
    ]
   },
   "properties": {
    "district": "八代地区",
    "photo_no": "1569",
    "captured_at": "2026-07-29T13:37:39+09:00",
    "viewer_url": "https://saigai.gsi.go.jp/1/index_dmc.html?R8_kumamoto/0729yatsushiro_naname/naname/qv/1569.JPG&0.00deg",
    "thumbnail_url": "https://saigai.gsi.go.jp/1/R8_kumamoto/0729yatsushiro_naname/naname/qv/thumbnail/1569.JPG"
   }
  },
  {
   "type": "Feature",
   "geometry": {
    "type": "Point",
    "coordinates": [
     130.7025,
     32.506667
    ]
   },
   "properties": {
    "district": "八代地区",
    "photo_no": "1570",
    "captured_at": "2026-07-29T13:37:44+09:00",
    "viewer_url": "https://saigai.gsi.go.jp/1/index_dmc.html?R8_kumamoto/0729yatsushiro_naname/naname/qv/1570.JPG&0.00deg",
    "thumbnail_url": "https://saigai.gsi.go.jp/1/R8_kumamoto/0729yatsushiro_naname/naname/qv/thumbnail/1570.JPG"
   }
  },
  {
   "type": "Feature",
   "geometry": {
    "type": "Point",
    "coordinates": [
     130.699722,
     32.503611
    ]
   },
   "properties": {
    "district": "八代地区",
    "photo_no": "1571",
    "captured_at": "2026-07-29T13:37:50+09:00",
    "viewer_url": "https://saigai.gsi.go.jp/1/index_dmc.html?R8_kumamoto/0729yatsushiro_naname/naname/qv/1571.JPG&0.00deg",
    "thumbnail_url": "https://saigai.gsi.go.jp/1/R8_kumamoto/0729yatsushiro_naname/naname/qv/thumbnail/1571.JPG"
   }
  },
  {
   "type": "Feature",
   "geometry": {
    "type": "Point",
    "coordinates": [
     130.696667,
     32.5
    ]
   },
   "properties": {
    "district": "八代地区",
    "photo_no": "1572",
    "captured_at": "2026-07-29T13:37:55+09:00",
    "viewer_url": "https://saigai.gsi.go.jp/1/index_dmc.html?R8_kumamoto/0729yatsushiro_naname/naname/qv/1572.JPG&0.00deg",
    "thumbnail_url": "https://saigai.gsi.go.jp/1/R8_kumamoto/0729yatsushiro_naname/naname/qv/thumbnail/1572.JPG"
   }
  },
  {
   "type": "Feature",
   "geometry": {
    "type": "Point",
    "coordinates": [
     130.694167,
     32.496944
    ]
   },
   "properties": {
    "district": "八代地区",
    "photo_no": "1573",
    "captured_at": "2026-07-29T13:38:00+09:00",
    "viewer_url": "https://saigai.gsi.go.jp/1/index_dmc.html?R8_kumamoto/0729yatsushiro_naname/naname/qv/1573.JPG&0.00deg",
    "thumbnail_url": "https://saigai.gsi.go.jp/1/R8_kumamoto/0729yatsushiro_naname/naname/qv/thumbnail/1573.JPG"
   }
  },
  {
   "type": "Feature",
   "geometry": {
    "type": "Point",
    "coordinates": [
     130.690833,
     32.493333
    ]
   },
   "properties": {
    "district": "八代地区",
    "photo_no": "1574",
    "captured_at": "2026-07-29T13:38:06+09:00",
    "viewer_url": "https://saigai.gsi.go.jp/1/index_dmc.html?R8_kumamoto/0729yatsushiro_naname/naname/qv/1574.JPG&0.00deg",
    "thumbnail_url": "https://saigai.gsi.go.jp/1/R8_kumamoto/0729yatsushiro_naname/naname/qv/thumbnail/1574.JPG"
   }
  },
  {
   "type": "Feature",
   "geometry": {
    "type": "Point",
    "coordinates": [
     130.687778,
     32.49
    ]
   },
   "properties": {
    "district": "八代地区",
    "photo_no": "1575",
    "captured_at": "2026-07-29T13:38:12+09:00",
    "viewer_url": "https://saigai.gsi.go.jp/1/index_dmc.html?R8_kumamoto/0729yatsushiro_naname/naname/qv/1575.JPG&0.00deg",
    "thumbnail_url": "https://saigai.gsi.go.jp/1/R8_kumamoto/0729yatsushiro_naname/naname/qv/thumbnail/1575.JPG"
   }
  },
  {
   "type": "Feature",
   "geometry": {
    "type": "Point",
    "coordinates": [
     130.685,
     32.486944
    ]
   },
   "properties": {
    "district": "八代地区",
    "photo_no": "1576",
    "captured_at": "2026-07-29T13:38:16+09:00",
    "viewer_url": "https://saigai.gsi.go.jp/1/index_dmc.html?R8_kumamoto/0729yatsushiro_naname/naname/qv/1576.JPG&0.00deg",
    "thumbnail_url": "https://saigai.gsi.go.jp/1/R8_kumamoto/0729yatsushiro_naname/naname/qv/thumbnail/1576.JPG"
   }
  },
  {
   "type": "Feature",
   "geometry": {
    "type": "Point",
    "coordinates": [
     130.6825,
     32.483889
    ]
   },
   "properties": {
    "district": "八代地区",
    "photo_no": "1577",
    "captured_at": "2026-07-29T13:38:22+09:00",
    "viewer_url": "https://saigai.gsi.go.jp/1/index_dmc.html?R8_kumamoto/0729yatsushiro_naname/naname/qv/1577.JPG&0.00deg",
    "thumbnail_url": "https://saigai.gsi.go.jp/1/R8_kumamoto/0729yatsushiro_naname/naname/qv/thumbnail/1577.JPG"
   }
  },
  {
   "type": "Feature",
   "geometry": {
    "type": "Point",
    "coordinates": [
     130.679722,
     32.481111
    ]
   },
   "properties": {
    "district": "八代地区",
    "photo_no": "1578",
    "captured_at": "2026-07-29T13:38:27+09:00",
    "viewer_url": "https://saigai.gsi.go.jp/1/index_dmc.html?R8_kumamoto/0729yatsushiro_naname/naname/qv/1578.JPG&0.00deg",
    "thumbnail_url": "https://saigai.gsi.go.jp/1/R8_kumamoto/0729yatsushiro_naname/naname/qv/thumbnail/1578.JPG"
   }
  },
  {
   "type": "Feature",
   "geometry": {
    "type": "Point",
    "coordinates": [
     130.676389,
     32.4775
    ]
   },
   "properties": {
    "district": "八代地区",
    "photo_no": "1579",
    "captured_at": "2026-07-29T13:38:33+09:00",
    "viewer_url": "https://saigai.gsi.go.jp/1/index_dmc.html?R8_kumamoto/0729yatsushiro_naname/naname/qv/1579.JPG&0.00deg",
    "thumbnail_url": "https://saigai.gsi.go.jp/1/R8_kumamoto/0729yatsushiro_naname/naname/qv/thumbnail/1579.JPG"
   }
  },
  {
   "type": "Feature",
   "geometry": {
    "type": "Point",
    "coordinates": [
     130.673333,
     32.473889
    ]
   },
   "properties": {
    "district": "八代地区",
    "photo_no": "1580",
    "captured_at": "2026-07-29T13:38:39+09:00",
    "viewer_url": "https://saigai.gsi.go.jp/1/index_dmc.html?R8_kumamoto/0729yatsushiro_naname/naname/qv/1580.JPG&0.00deg",
    "thumbnail_url": "https://saigai.gsi.go.jp/1/R8_kumamoto/0729yatsushiro_naname/naname/qv/thumbnail/1580.JPG"
   }
  },
  {
   "type": "Feature",
   "geometry": {
    "type": "Point",
    "coordinates": [
     130.669444,
     32.469722
    ]
   },
   "properties": {
    "district": "八代地区",
    "photo_no": "1581",
    "captured_at": "2026-07-29T13:38:46+09:00",
    "viewer_url": "https://saigai.gsi.go.jp/1/index_dmc.html?R8_kumamoto/0729yatsushiro_naname/naname/qv/1581.JPG&0.00deg",
    "thumbnail_url": "https://saigai.gsi.go.jp/1/R8_kumamoto/0729yatsushiro_naname/naname/qv/thumbnail/1581.JPG"
   }
  },
  {
   "type": "Feature",
   "geometry": {
    "type": "Point",
    "coordinates": [
     130.665833,
     32.465556
    ]
   },
   "properties": {
    "district": "八代地区",
    "photo_no": "1582",
    "captured_at": "2026-07-29T13:38:53+09:00",
    "viewer_url": "https://saigai.gsi.go.jp/1/index_dmc.html?R8_kumamoto/0729yatsushiro_naname/naname/qv/1582.JPG&0.00deg",
    "thumbnail_url": "https://saigai.gsi.go.jp/1/R8_kumamoto/0729yatsushiro_naname/naname/qv/thumbnail/1582.JPG"
   }
  },
  {
   "type": "Feature",
   "geometry": {
    "type": "Point",
    "coordinates": [
     130.662778,
     32.461944
    ]
   },
   "properties": {
    "district": "八代地区",
    "photo_no": "1583",
    "captured_at": "2026-07-29T13:39:00+09:00",
    "viewer_url": "https://saigai.gsi.go.jp/1/index_dmc.html?R8_kumamoto/0729yatsushiro_naname/naname/qv/1583.JPG&0.00deg",
    "thumbnail_url": "https://saigai.gsi.go.jp/1/R8_kumamoto/0729yatsushiro_naname/naname/qv/thumbnail/1583.JPG"
   }
  },
  {
   "type": "Feature",
   "geometry": {
    "type": "Point",
    "coordinates": [
     130.658889,
     32.457778
    ]
   },
   "properties": {
    "district": "八代地区",
    "photo_no": "1584",
    "captured_at": "2026-07-29T13:39:06+09:00",
    "viewer_url": "https://saigai.gsi.go.jp/1/index_dmc.html?R8_kumamoto/0729yatsushiro_naname/naname/qv/1584.JPG&0.00deg",
    "thumbnail_url": "https://saigai.gsi.go.jp/1/R8_kumamoto/0729yatsushiro_naname/naname/qv/thumbnail/1584.JPG"
   }
  },
  {
   "type": "Feature",
   "geometry": {
    "type": "Point",
    "coordinates": [
     130.655833,
     32.453889
    ]
   },
   "properties": {
    "district": "八代地区",
    "photo_no": "1585",
    "captured_at": "2026-07-29T13:39:13+09:00",
    "viewer_url": "https://saigai.gsi.go.jp/1/index_dmc.html?R8_kumamoto/0729yatsushiro_naname/naname/qv/1585.JPG&0.00deg",
    "thumbnail_url": "https://saigai.gsi.go.jp/1/R8_kumamoto/0729yatsushiro_naname/naname/qv/thumbnail/1585.JPG"
   }
  },
  {
   "type": "Feature",
   "geometry": {
    "type": "Point",
    "coordinates": [
     130.652222,
     32.449722
    ]
   },
   "properties": {
    "district": "八代地区",
    "photo_no": "1586",
    "captured_at": "2026-07-29T13:39:19+09:00",
    "viewer_url": "https://saigai.gsi.go.jp/1/index_dmc.html?R8_kumamoto/0729yatsushiro_naname/naname/qv/1586.JPG&0.00deg",
    "thumbnail_url": "https://saigai.gsi.go.jp/1/R8_kumamoto/0729yatsushiro_naname/naname/qv/thumbnail/1586.JPG"
   }
  },
  {
   "type": "Feature",
   "geometry": {
    "type": "Point",
    "coordinates": [
     130.648333,
     32.445278
    ]
   },
   "properties": {
    "district": "八代地区",
    "photo_no": "1587",
    "captured_at": "2026-07-29T13:39:26+09:00",
    "viewer_url": "https://saigai.gsi.go.jp/1/index_dmc.html?R8_kumamoto/0729yatsushiro_naname/naname/qv/1587.JPG&0.00deg",
    "thumbnail_url": "https://saigai.gsi.go.jp/1/R8_kumamoto/0729yatsushiro_naname/naname/qv/thumbnail/1587.JPG"
   }
  },
  {
   "type": "Feature",
   "geometry": {
    "type": "Point",
    "coordinates": [
     130.645833,
     32.442222
    ]
   },
   "properties": {
    "district": "八代地区",
    "photo_no": "1588",
    "captured_at": "2026-07-29T13:39:30+09:00",
    "viewer_url": "https://saigai.gsi.go.jp/1/index_dmc.html?R8_kumamoto/0729yatsushiro_naname/naname/qv/1588.JPG&0.00deg",
    "thumbnail_url": "https://saigai.gsi.go.jp/1/R8_kumamoto/0729yatsushiro_naname/naname/qv/thumbnail/1588.JPG"
   }
  },
  {
   "type": "Feature",
   "geometry": {
    "type": "Point",
    "coordinates": [
     130.6425,
     32.438611
    ]
   },
   "properties": {
    "district": "八代地区",
    "photo_no": "1589",
    "captured_at": "2026-07-29T13:39:38+09:00",
    "viewer_url": "https://saigai.gsi.go.jp/1/index_dmc.html?R8_kumamoto/0729yatsushiro_naname/naname/qv/1589.JPG&0.00deg",
    "thumbnail_url": "https://saigai.gsi.go.jp/1/R8_kumamoto/0729yatsushiro_naname/naname/qv/thumbnail/1589.JPG"
   }
  },
  {
   "type": "Feature",
   "geometry": {
    "type": "Point",
    "coordinates": [
     130.638889,
     32.434444
    ]
   },
   "properties": {
    "district": "八代地区",
    "photo_no": "1590",
    "captured_at": "2026-07-29T13:39:45+09:00",
    "viewer_url": "https://saigai.gsi.go.jp/1/index_dmc.html?R8_kumamoto/0729yatsushiro_naname/naname/qv/1590.JPG&0.00deg",
    "thumbnail_url": "https://saigai.gsi.go.jp/1/R8_kumamoto/0729yatsushiro_naname/naname/qv/thumbnail/1590.JPG"
   }
  },
  {
   "type": "Feature",
   "geometry": {
    "type": "Point",
    "coordinates": [
     130.633889,
     32.428889
    ]
   },
   "properties": {
    "district": "八代地区",
    "photo_no": "1591",
    "captured_at": "2026-07-29T13:39:54+09:00",
    "viewer_url": "https://saigai.gsi.go.jp/1/index_dmc.html?R8_kumamoto/0729yatsushiro_naname/naname/qv/1591.JPG&0.00deg",
    "thumbnail_url": "https://saigai.gsi.go.jp/1/R8_kumamoto/0729yatsushiro_naname/naname/qv/thumbnail/1591.JPG"
   }
  },
  {
   "type": "Feature",
   "geometry": {
    "type": "Point",
    "coordinates": [
     130.630556,
     32.425278
    ]
   },
   "properties": {
    "district": "八代地区",
    "photo_no": "1592",
    "captured_at": "2026-07-29T13:40:00+09:00",
    "viewer_url": "https://saigai.gsi.go.jp/1/index_dmc.html?R8_kumamoto/0729yatsushiro_naname/naname/qv/1592.JPG&0.00deg",
    "thumbnail_url": "https://saigai.gsi.go.jp/1/R8_kumamoto/0729yatsushiro_naname/naname/qv/thumbnail/1592.JPG"
   }
  },
  {
   "type": "Feature",
   "geometry": {
    "type": "Point",
    "coordinates": [
     130.626111,
     32.420556
    ]
   },
   "properties": {
    "district": "八代地区",
    "photo_no": "1593",
    "captured_at": "2026-07-29T13:40:07+09:00",
    "viewer_url": "https://saigai.gsi.go.jp/1/index_dmc.html?R8_kumamoto/0729yatsushiro_naname/naname/qv/1593.JPG&0.00deg",
    "thumbnail_url": "https://saigai.gsi.go.jp/1/R8_kumamoto/0729yatsushiro_naname/naname/qv/thumbnail/1593.JPG"
   }
  },
  {
   "type": "Feature",
   "geometry": {
    "type": "Point",
    "coordinates": [
     130.622222,
     32.416389
    ]
   },
   "properties": {
    "district": "八代地区",
    "photo_no": "1594",
    "captured_at": "2026-07-29T13:40:14+09:00",
    "viewer_url": "https://saigai.gsi.go.jp/1/index_dmc.html?R8_kumamoto/0729yatsushiro_naname/naname/qv/1594.JPG&0.00deg",
    "thumbnail_url": "https://saigai.gsi.go.jp/1/R8_kumamoto/0729yatsushiro_naname/naname/qv/thumbnail/1594.JPG"
   }
  },
  {
   "type": "Feature",
   "geometry": {
    "type": "Point",
    "coordinates": [
     130.618611,
     32.412222
    ]
   },
   "properties": {
    "district": "八代地区",
    "photo_no": "1595",
    "captured_at": "2026-07-29T13:40:21+09:00",
    "viewer_url": "https://saigai.gsi.go.jp/1/index_dmc.html?R8_kumamoto/0729yatsushiro_naname/naname/qv/1595.JPG&0.00deg",
    "thumbnail_url": "https://saigai.gsi.go.jp/1/R8_kumamoto/0729yatsushiro_naname/naname/qv/thumbnail/1595.JPG"
   }
  },
  {
   "type": "Feature",
   "geometry": {
    "type": "Point",
    "coordinates": [
     130.614722,
     32.407778
    ]
   },
   "properties": {
    "district": "八代地区",
    "photo_no": "1596",
    "captured_at": "2026-07-29T13:40:28+09:00",
    "viewer_url": "https://saigai.gsi.go.jp/1/index_dmc.html?R8_kumamoto/0729yatsushiro_naname/naname/qv/1596.JPG&0.00deg",
    "thumbnail_url": "https://saigai.gsi.go.jp/1/R8_kumamoto/0729yatsushiro_naname/naname/qv/thumbnail/1596.JPG"
   }
  },
  {
   "type": "Feature",
   "geometry": {
    "type": "Point",
    "coordinates": [
     130.611111,
     32.403333
    ]
   },
   "properties": {
    "district": "八代地区",
    "photo_no": "1597",
    "captured_at": "2026-07-29T13:40:35+09:00",
    "viewer_url": "https://saigai.gsi.go.jp/1/index_dmc.html?R8_kumamoto/0729yatsushiro_naname/naname/qv/1597.JPG&0.00deg",
    "thumbnail_url": "https://saigai.gsi.go.jp/1/R8_kumamoto/0729yatsushiro_naname/naname/qv/thumbnail/1597.JPG"
   }
  },
  {
   "type": "Feature",
   "geometry": {
    "type": "Point",
    "coordinates": [
     130.608056,
     32.399722
    ]
   },
   "properties": {
    "district": "八代地区",
    "photo_no": "1598",
    "captured_at": "2026-07-29T13:40:41+09:00",
    "viewer_url": "https://saigai.gsi.go.jp/1/index_dmc.html?R8_kumamoto/0729yatsushiro_naname/naname/qv/1598.JPG&0.00deg",
    "thumbnail_url": "https://saigai.gsi.go.jp/1/R8_kumamoto/0729yatsushiro_naname/naname/qv/thumbnail/1598.JPG"
   }
  },
  {
   "type": "Feature",
   "geometry": {
    "type": "Point",
    "coordinates": [
     130.604722,
     32.395833
    ]
   },
   "properties": {
    "district": "八代地区",
    "photo_no": "1599",
    "captured_at": "2026-07-29T13:40:47+09:00",
    "viewer_url": "https://saigai.gsi.go.jp/1/index_dmc.html?R8_kumamoto/0729yatsushiro_naname/naname/qv/1599.JPG&0.00deg",
    "thumbnail_url": "https://saigai.gsi.go.jp/1/R8_kumamoto/0729yatsushiro_naname/naname/qv/thumbnail/1599.JPG"
   }
  },
  {
   "type": "Feature",
   "geometry": {
    "type": "Point",
    "coordinates": [
     130.601111,
     32.391667
    ]
   },
   "properties": {
    "district": "八代地区",
    "photo_no": "1600",
    "captured_at": "2026-07-29T13:40:55+09:00",
    "viewer_url": "https://saigai.gsi.go.jp/1/index_dmc.html?R8_kumamoto/0729yatsushiro_naname/naname/qv/1600.JPG&0.00deg",
    "thumbnail_url": "https://saigai.gsi.go.jp/1/R8_kumamoto/0729yatsushiro_naname/naname/qv/thumbnail/1600.JPG"
   }
  },
  {
   "type": "Feature",
   "geometry": {
    "type": "Point",
    "coordinates": [
     130.597222,
     32.3875
    ]
   },
   "properties": {
    "district": "八代地区",
    "photo_no": "1601",
    "captured_at": "2026-07-29T13:41:01+09:00",
    "viewer_url": "https://saigai.gsi.go.jp/1/index_dmc.html?R8_kumamoto/0729yatsushiro_naname/naname/qv/1601.JPG&0.00deg",
    "thumbnail_url": "https://saigai.gsi.go.jp/1/R8_kumamoto/0729yatsushiro_naname/naname/qv/thumbnail/1601.JPG"
   }
  },
  {
   "type": "Feature",
   "geometry": {
    "type": "Point",
    "coordinates": [
     130.594444,
     32.384444
    ]
   },
   "properties": {
    "district": "八代地区",
    "photo_no": "1602",
    "captured_at": "2026-07-29T13:41:06+09:00",
    "viewer_url": "https://saigai.gsi.go.jp/1/index_dmc.html?R8_kumamoto/0729yatsushiro_naname/naname/qv/1602.JPG&0.00deg",
    "thumbnail_url": "https://saigai.gsi.go.jp/1/R8_kumamoto/0729yatsushiro_naname/naname/qv/thumbnail/1602.JPG"
   }
  },
  {
   "type": "Feature",
   "geometry": {
    "type": "Point",
    "coordinates": [
     130.590556,
     32.380278
    ]
   },
   "properties": {
    "district": "八代地区",
    "photo_no": "1603",
    "captured_at": "2026-07-29T13:41:13+09:00",
    "viewer_url": "https://saigai.gsi.go.jp/1/index_dmc.html?R8_kumamoto/0729yatsushiro_naname/naname/qv/1603.JPG&0.00deg",
    "thumbnail_url": "https://saigai.gsi.go.jp/1/R8_kumamoto/0729yatsushiro_naname/naname/qv/thumbnail/1603.JPG"
   }
  },
  {
   "type": "Feature",
   "geometry": {
    "type": "Point",
    "coordinates": [
     130.586667,
     32.375833
    ]
   },
   "properties": {
    "district": "八代地区",
    "photo_no": "1604",
    "captured_at": "2026-07-29T13:41:21+09:00",
    "viewer_url": "https://saigai.gsi.go.jp/1/index_dmc.html?R8_kumamoto/0729yatsushiro_naname/naname/qv/1604.JPG&0.00deg",
    "thumbnail_url": "https://saigai.gsi.go.jp/1/R8_kumamoto/0729yatsushiro_naname/naname/qv/thumbnail/1604.JPG"
   }
  },
  {
   "type": "Feature",
   "geometry": {
    "type": "Point",
    "coordinates": [
     130.583333,
     32.372222
    ]
   },
   "properties": {
    "district": "八代地区",
    "photo_no": "1605",
    "captured_at": "2026-07-29T13:41:27+09:00",
    "viewer_url": "https://saigai.gsi.go.jp/1/index_dmc.html?R8_kumamoto/0729yatsushiro_naname/naname/qv/1605.JPG&0.00deg",
    "thumbnail_url": "https://saigai.gsi.go.jp/1/R8_kumamoto/0729yatsushiro_naname/naname/qv/thumbnail/1605.JPG"
   }
  },
  {
   "type": "Feature",
   "geometry": {
    "type": "Point",
    "coordinates": [
     130.579444,
     32.367778
    ]
   },
   "properties": {
    "district": "八代地区",
    "photo_no": "1606",
    "captured_at": "2026-07-29T13:41:33+09:00",
    "viewer_url": "https://saigai.gsi.go.jp/1/index_dmc.html?R8_kumamoto/0729yatsushiro_naname/naname/qv/1606.JPG&0.00deg",
    "thumbnail_url": "https://saigai.gsi.go.jp/1/R8_kumamoto/0729yatsushiro_naname/naname/qv/thumbnail/1606.JPG"
   }
  },
  {
   "type": "Feature",
   "geometry": {
    "type": "Point",
    "coordinates": [
     130.576111,
     32.364167
    ]
   },
   "properties": {
    "district": "八代地区",
    "photo_no": "1607",
    "captured_at": "2026-07-29T13:41:39+09:00",
    "viewer_url": "https://saigai.gsi.go.jp/1/index_dmc.html?R8_kumamoto/0729yatsushiro_naname/naname/qv/1607.JPG&0.00deg",
    "thumbnail_url": "https://saigai.gsi.go.jp/1/R8_kumamoto/0729yatsushiro_naname/naname/qv/thumbnail/1607.JPG"
   }
  },
  {
   "type": "Feature",
   "geometry": {
    "type": "Point",
    "coordinates": [
     130.5725,
     32.359722
    ]
   },
   "properties": {
    "district": "八代地区",
    "photo_no": "1608",
    "captured_at": "2026-07-29T13:41:46+09:00",
    "viewer_url": "https://saigai.gsi.go.jp/1/index_dmc.html?R8_kumamoto/0729yatsushiro_naname/naname/qv/1608.JPG&0.00deg",
    "thumbnail_url": "https://saigai.gsi.go.jp/1/R8_kumamoto/0729yatsushiro_naname/naname/qv/thumbnail/1608.JPG"
   }
  },
  {
   "type": "Feature",
   "geometry": {
    "type": "Point",
    "coordinates": [
     130.569444,
     32.355833
    ]
   },
   "properties": {
    "district": "八代地区",
    "photo_no": "1609",
    "captured_at": "2026-07-29T13:41:53+09:00",
    "viewer_url": "https://saigai.gsi.go.jp/1/index_dmc.html?R8_kumamoto/0729yatsushiro_naname/naname/qv/1609.JPG&0.00deg",
    "thumbnail_url": "https://saigai.gsi.go.jp/1/R8_kumamoto/0729yatsushiro_naname/naname/qv/thumbnail/1609.JPG"
   }
  },
  {
   "type": "Feature",
   "geometry": {
    "type": "Point",
    "coordinates": [
     130.565278,
     32.350833
    ]
   },
   "properties": {
    "district": "八代地区",
    "photo_no": "1610",
    "captured_at": "2026-07-29T13:42:00+09:00",
    "viewer_url": "https://saigai.gsi.go.jp/1/index_dmc.html?R8_kumamoto/0729yatsushiro_naname/naname/qv/1610.JPG&0.00deg",
    "thumbnail_url": "https://saigai.gsi.go.jp/1/R8_kumamoto/0729yatsushiro_naname/naname/qv/thumbnail/1610.JPG"
   }
  },
  {
   "type": "Feature",
   "geometry": {
    "type": "Point",
    "coordinates": [
     130.561944,
     32.347222
    ]
   },
   "properties": {
    "district": "八代地区",
    "photo_no": "1611",
    "captured_at": "2026-07-29T13:42:07+09:00",
    "viewer_url": "https://saigai.gsi.go.jp/1/index_dmc.html?R8_kumamoto/0729yatsushiro_naname/naname/qv/1611.JPG&0.00deg",
    "thumbnail_url": "https://saigai.gsi.go.jp/1/R8_kumamoto/0729yatsushiro_naname/naname/qv/thumbnail/1611.JPG"
   }
  },
  {
   "type": "Feature",
   "geometry": {
    "type": "Point",
    "coordinates": [
     130.558333,
     32.343056
    ]
   },
   "properties": {
    "district": "八代地区",
    "photo_no": "1612",
    "captured_at": "2026-07-29T13:42:14+09:00",
    "viewer_url": "https://saigai.gsi.go.jp/1/index_dmc.html?R8_kumamoto/0729yatsushiro_naname/naname/qv/1612.JPG&0.00deg",
    "thumbnail_url": "https://saigai.gsi.go.jp/1/R8_kumamoto/0729yatsushiro_naname/naname/qv/thumbnail/1612.JPG"
   }
  },
  {
   "type": "Feature",
   "geometry": {
    "type": "Point",
    "coordinates": [
     130.555,
     32.339444
    ]
   },
   "properties": {
    "district": "八代地区",
    "photo_no": "1613",
    "captured_at": "2026-07-29T13:42:20+09:00",
    "viewer_url": "https://saigai.gsi.go.jp/1/index_dmc.html?R8_kumamoto/0729yatsushiro_naname/naname/qv/1613.JPG&0.00deg",
    "thumbnail_url": "https://saigai.gsi.go.jp/1/R8_kumamoto/0729yatsushiro_naname/naname/qv/thumbnail/1613.JPG"
   }
  },
  {
   "type": "Feature",
   "geometry": {
    "type": "Point",
    "coordinates": [
     130.551667,
     32.335833
    ]
   },
   "properties": {
    "district": "八代地区",
    "photo_no": "1614",
    "captured_at": "2026-07-29T13:42:25+09:00",
    "viewer_url": "https://saigai.gsi.go.jp/1/index_dmc.html?R8_kumamoto/0729yatsushiro_naname/naname/qv/1614.JPG&0.00deg",
    "thumbnail_url": "https://saigai.gsi.go.jp/1/R8_kumamoto/0729yatsushiro_naname/naname/qv/thumbnail/1614.JPG"
   }
  },
  {
   "type": "Feature",
   "geometry": {
    "type": "Point",
    "coordinates": [
     130.547778,
     32.331667
    ]
   },
   "properties": {
    "district": "八代地区",
    "photo_no": "1615",
    "captured_at": "2026-07-29T13:42:32+09:00",
    "viewer_url": "https://saigai.gsi.go.jp/1/index_dmc.html?R8_kumamoto/0729yatsushiro_naname/naname/qv/1615.JPG&0.00deg",
    "thumbnail_url": "https://saigai.gsi.go.jp/1/R8_kumamoto/0729yatsushiro_naname/naname/qv/thumbnail/1615.JPG"
   }
  },
  {
   "type": "Feature",
   "geometry": {
    "type": "Point",
    "coordinates": [
     130.545,
     32.328611
    ]
   },
   "properties": {
    "district": "八代地区",
    "photo_no": "1616",
    "captured_at": "2026-07-29T13:42:36+09:00",
    "viewer_url": "https://saigai.gsi.go.jp/1/index_dmc.html?R8_kumamoto/0729yatsushiro_naname/naname/qv/1616.JPG&0.00deg",
    "thumbnail_url": "https://saigai.gsi.go.jp/1/R8_kumamoto/0729yatsushiro_naname/naname/qv/thumbnail/1616.JPG"
   }
  },
  {
   "type": "Feature",
   "geometry": {
    "type": "Point",
    "coordinates": [
     130.541389,
     32.324167
    ]
   },
   "properties": {
    "district": "八代地区",
    "photo_no": "1617",
    "captured_at": "2026-07-29T13:42:44+09:00",
    "viewer_url": "https://saigai.gsi.go.jp/1/index_dmc.html?R8_kumamoto/0729yatsushiro_naname/naname/qv/1617.JPG&0.00deg",
    "thumbnail_url": "https://saigai.gsi.go.jp/1/R8_kumamoto/0729yatsushiro_naname/naname/qv/thumbnail/1617.JPG"
   }
  },
  {
   "type": "Feature",
   "geometry": {
    "type": "Point",
    "coordinates": [
     130.538056,
     32.320556
    ]
   },
   "properties": {
    "district": "八代地区",
    "photo_no": "1618",
    "captured_at": "2026-07-29T13:42:50+09:00",
    "viewer_url": "https://saigai.gsi.go.jp/1/index_dmc.html?R8_kumamoto/0729yatsushiro_naname/naname/qv/1618.JPG&0.00deg",
    "thumbnail_url": "https://saigai.gsi.go.jp/1/R8_kumamoto/0729yatsushiro_naname/naname/qv/thumbnail/1618.JPG"
   }
  },
  {
   "type": "Feature",
   "geometry": {
    "type": "Point",
    "coordinates": [
     130.534722,
     32.316944
    ]
   },
   "properties": {
    "district": "八代地区",
    "photo_no": "1619",
    "captured_at": "2026-07-29T13:42:57+09:00",
    "viewer_url": "https://saigai.gsi.go.jp/1/index_dmc.html?R8_kumamoto/0729yatsushiro_naname/naname/qv/1619.JPG&0.00deg",
    "thumbnail_url": "https://saigai.gsi.go.jp/1/R8_kumamoto/0729yatsushiro_naname/naname/qv/thumbnail/1619.JPG"
   }
  },
  {
   "type": "Feature",
   "geometry": {
    "type": "Point",
    "coordinates": [
     130.530833,
     32.3125
    ]
   },
   "properties": {
    "district": "八代地区",
    "photo_no": "1620",
    "captured_at": "2026-07-29T13:43:03+09:00",
    "viewer_url": "https://saigai.gsi.go.jp/1/index_dmc.html?R8_kumamoto/0729yatsushiro_naname/naname/qv/1620.JPG&0.00deg",
    "thumbnail_url": "https://saigai.gsi.go.jp/1/R8_kumamoto/0729yatsushiro_naname/naname/qv/thumbnail/1620.JPG"
   }
  },
  {
   "type": "Feature",
   "geometry": {
    "type": "Point",
    "coordinates": [
     130.5275,
     32.308889
    ]
   },
   "properties": {
    "district": "八代地区",
    "photo_no": "1621",
    "captured_at": "2026-07-29T13:43:09+09:00",
    "viewer_url": "https://saigai.gsi.go.jp/1/index_dmc.html?R8_kumamoto/0729yatsushiro_naname/naname/qv/1621.JPG&0.00deg",
    "thumbnail_url": "https://saigai.gsi.go.jp/1/R8_kumamoto/0729yatsushiro_naname/naname/qv/thumbnail/1621.JPG"
   }
  },
  {
   "type": "Feature",
   "geometry": {
    "type": "Point",
    "coordinates": [
     130.524444,
     32.305
    ]
   },
   "properties": {
    "district": "八代地区",
    "photo_no": "1622",
    "captured_at": "2026-07-29T13:43:15+09:00",
    "viewer_url": "https://saigai.gsi.go.jp/1/index_dmc.html?R8_kumamoto/0729yatsushiro_naname/naname/qv/1622.JPG&0.00deg",
    "thumbnail_url": "https://saigai.gsi.go.jp/1/R8_kumamoto/0729yatsushiro_naname/naname/qv/thumbnail/1622.JPG"
   }
  },
  {
   "type": "Feature",
   "geometry": {
    "type": "Point",
    "coordinates": [
     130.521111,
     32.301389
    ]
   },
   "properties": {
    "district": "八代地区",
    "photo_no": "1623",
    "captured_at": "2026-07-29T13:43:21+09:00",
    "viewer_url": "https://saigai.gsi.go.jp/1/index_dmc.html?R8_kumamoto/0729yatsushiro_naname/naname/qv/1623.JPG&0.00deg",
    "thumbnail_url": "https://saigai.gsi.go.jp/1/R8_kumamoto/0729yatsushiro_naname/naname/qv/thumbnail/1623.JPG"
   }
  },
  {
   "type": "Feature",
   "geometry": {
    "type": "Point",
    "coordinates": [
     130.519167,
     32.298889
    ]
   },
   "properties": {
    "district": "八代地区",
    "photo_no": "1624",
    "captured_at": "2026-07-29T13:43:25+09:00",
    "viewer_url": "https://saigai.gsi.go.jp/1/index_dmc.html?R8_kumamoto/0729yatsushiro_naname/naname/qv/1624.JPG&0.00deg",
    "thumbnail_url": "https://saigai.gsi.go.jp/1/R8_kumamoto/0729yatsushiro_naname/naname/qv/thumbnail/1624.JPG"
   }
  },
  {
   "type": "Feature",
   "geometry": {
    "type": "Point",
    "coordinates": [
     130.515833,
     32.295
    ]
   },
   "properties": {
    "district": "八代地区",
    "photo_no": "1625",
    "captured_at": "2026-07-29T13:43:31+09:00",
    "viewer_url": "https://saigai.gsi.go.jp/1/index_dmc.html?R8_kumamoto/0729yatsushiro_naname/naname/qv/1625.JPG&0.00deg",
    "thumbnail_url": "https://saigai.gsi.go.jp/1/R8_kumamoto/0729yatsushiro_naname/naname/qv/thumbnail/1625.JPG"
   }
  },
  {
   "type": "Feature",
   "geometry": {
    "type": "Point",
    "coordinates": [
     130.5125,
     32.291111
    ]
   },
   "properties": {
    "district": "八代地区",
    "photo_no": "1626",
    "captured_at": "2026-07-29T13:43:37+09:00",
    "viewer_url": "https://saigai.gsi.go.jp/1/index_dmc.html?R8_kumamoto/0729yatsushiro_naname/naname/qv/1626.JPG&0.00deg",
    "thumbnail_url": "https://saigai.gsi.go.jp/1/R8_kumamoto/0729yatsushiro_naname/naname/qv/thumbnail/1626.JPG"
   }
  },
  {
   "type": "Feature",
   "geometry": {
    "type": "Point",
    "coordinates": [
     130.51,
     32.288056
    ]
   },
   "properties": {
    "district": "八代地区",
    "photo_no": "1627",
    "captured_at": "2026-07-29T13:43:43+09:00",
    "viewer_url": "https://saigai.gsi.go.jp/1/index_dmc.html?R8_kumamoto/0729yatsushiro_naname/naname/qv/1627.JPG&0.00deg",
    "thumbnail_url": "https://saigai.gsi.go.jp/1/R8_kumamoto/0729yatsushiro_naname/naname/qv/thumbnail/1627.JPG"
   }
  },
  {
   "type": "Feature",
   "geometry": {
    "type": "Point",
    "coordinates": [
     130.505556,
     32.283056
    ]
   },
   "properties": {
    "district": "八代地区",
    "photo_no": "1628",
    "captured_at": "2026-07-29T13:43:50+09:00",
    "viewer_url": "https://saigai.gsi.go.jp/1/index_dmc.html?R8_kumamoto/0729yatsushiro_naname/naname/qv/1628.JPG&0.00deg",
    "thumbnail_url": "https://saigai.gsi.go.jp/1/R8_kumamoto/0729yatsushiro_naname/naname/qv/thumbnail/1628.JPG"
   }
  },
  {
   "type": "Feature",
   "geometry": {
    "type": "Point",
    "coordinates": [
     130.502222,
     32.279444
    ]
   },
   "properties": {
    "district": "八代地区",
    "photo_no": "1629",
    "captured_at": "2026-07-29T13:43:56+09:00",
    "viewer_url": "https://saigai.gsi.go.jp/1/index_dmc.html?R8_kumamoto/0729yatsushiro_naname/naname/qv/1629.JPG&0.00deg",
    "thumbnail_url": "https://saigai.gsi.go.jp/1/R8_kumamoto/0729yatsushiro_naname/naname/qv/thumbnail/1629.JPG"
   }
  },
  {
   "type": "Feature",
   "geometry": {
    "type": "Point",
    "coordinates": [
     130.498333,
     32.275
    ]
   },
   "properties": {
    "district": "八代地区",
    "photo_no": "1630",
    "captured_at": "2026-07-29T13:44:03+09:00",
    "viewer_url": "https://saigai.gsi.go.jp/1/index_dmc.html?R8_kumamoto/0729yatsushiro_naname/naname/qv/1630.JPG&0.00deg",
    "thumbnail_url": "https://saigai.gsi.go.jp/1/R8_kumamoto/0729yatsushiro_naname/naname/qv/thumbnail/1630.JPG"
   }
  },
  {
   "type": "Feature",
   "geometry": {
    "type": "Point",
    "coordinates": [
     130.495,
     32.271389
    ]
   },
   "properties": {
    "district": "八代地区",
    "photo_no": "1631",
    "captured_at": "2026-07-29T13:44:09+09:00",
    "viewer_url": "https://saigai.gsi.go.jp/1/index_dmc.html?R8_kumamoto/0729yatsushiro_naname/naname/qv/1631.JPG&0.00deg",
    "thumbnail_url": "https://saigai.gsi.go.jp/1/R8_kumamoto/0729yatsushiro_naname/naname/qv/thumbnail/1631.JPG"
   }
  },
  {
   "type": "Feature",
   "geometry": {
    "type": "Point",
    "coordinates": [
     130.490278,
     32.265833
    ]
   },
   "properties": {
    "district": "八代地区",
    "photo_no": "1632",
    "captured_at": "2026-07-29T13:44:18+09:00",
    "viewer_url": "https://saigai.gsi.go.jp/1/index_dmc.html?R8_kumamoto/0729yatsushiro_naname/naname/qv/1632.JPG&0.00deg",
    "thumbnail_url": "https://saigai.gsi.go.jp/1/R8_kumamoto/0729yatsushiro_naname/naname/qv/thumbnail/1632.JPG"
   }
  },
  {
   "type": "Feature",
   "geometry": {
    "type": "Point",
    "coordinates": [
     130.486944,
     32.261944
    ]
   },
   "properties": {
    "district": "八代地区",
    "photo_no": "1633",
    "captured_at": "2026-07-29T13:44:24+09:00",
    "viewer_url": "https://saigai.gsi.go.jp/1/index_dmc.html?R8_kumamoto/0729yatsushiro_naname/naname/qv/1633.JPG&0.00deg",
    "thumbnail_url": "https://saigai.gsi.go.jp/1/R8_kumamoto/0729yatsushiro_naname/naname/qv/thumbnail/1633.JPG"
   }
  },
  {
   "type": "Feature",
   "geometry": {
    "type": "Point",
    "coordinates": [
     130.480556,
     32.277778
    ]
   },
   "properties": {
    "district": "八代地区",
    "photo_no": "1474",
    "captured_at": "2026-07-29T13:23:03+09:00",
    "viewer_url": "https://saigai.gsi.go.jp/1/index_dmc.html?R8_kumamoto/0729yatsushiro_naname/naname/qv/1474.JPG&0.00deg",
    "thumbnail_url": "https://saigai.gsi.go.jp/1/R8_kumamoto/0729yatsushiro_naname/naname/qv/thumbnail/1474.JPG"
   }
  },
  {
   "type": "Feature",
   "geometry": {
    "type": "Point",
    "coordinates": [
     130.483611,
     32.281111
    ]
   },
   "properties": {
    "district": "八代地区",
    "photo_no": "1475",
    "captured_at": "2026-07-29T13:23:07+09:00",
    "viewer_url": "https://saigai.gsi.go.jp/1/index_dmc.html?R8_kumamoto/0729yatsushiro_naname/naname/qv/1475.JPG&0.00deg",
    "thumbnail_url": "https://saigai.gsi.go.jp/1/R8_kumamoto/0729yatsushiro_naname/naname/qv/thumbnail/1475.JPG"
   }
  },
  {
   "type": "Feature",
   "geometry": {
    "type": "Point",
    "coordinates": [
     130.485833,
     32.283611
    ]
   },
   "properties": {
    "district": "八代地区",
    "photo_no": "1476",
    "captured_at": "2026-07-29T13:23:13+09:00",
    "viewer_url": "https://saigai.gsi.go.jp/1/index_dmc.html?R8_kumamoto/0729yatsushiro_naname/naname/qv/1476.JPG&0.00deg",
    "thumbnail_url": "https://saigai.gsi.go.jp/1/R8_kumamoto/0729yatsushiro_naname/naname/qv/thumbnail/1476.JPG"
   }
  },
  {
   "type": "Feature",
   "geometry": {
    "type": "Point",
    "coordinates": [
     130.488333,
     32.286389
    ]
   },
   "properties": {
    "district": "八代地区",
    "photo_no": "1477",
    "captured_at": "2026-07-29T13:23:19+09:00",
    "viewer_url": "https://saigai.gsi.go.jp/1/index_dmc.html?R8_kumamoto/0729yatsushiro_naname/naname/qv/1477.JPG&0.00deg",
    "thumbnail_url": "https://saigai.gsi.go.jp/1/R8_kumamoto/0729yatsushiro_naname/naname/qv/thumbnail/1477.JPG"
   }
  },
  {
   "type": "Feature",
   "geometry": {
    "type": "Point",
    "coordinates": [
     130.491667,
     32.29
    ]
   },
   "properties": {
    "district": "八代地区",
    "photo_no": "1478",
    "captured_at": "2026-07-29T13:23:25+09:00",
    "viewer_url": "https://saigai.gsi.go.jp/1/index_dmc.html?R8_kumamoto/0729yatsushiro_naname/naname/qv/1478.JPG&0.00deg",
    "thumbnail_url": "https://saigai.gsi.go.jp/1/R8_kumamoto/0729yatsushiro_naname/naname/qv/thumbnail/1478.JPG"
   }
  },
  {
   "type": "Feature",
   "geometry": {
    "type": "Point",
    "coordinates": [
     130.493889,
     32.292778
    ]
   },
   "properties": {
    "district": "八代地区",
    "photo_no": "1479",
    "captured_at": "2026-07-29T13:23:30+09:00",
    "viewer_url": "https://saigai.gsi.go.jp/1/index_dmc.html?R8_kumamoto/0729yatsushiro_naname/naname/qv/1479.JPG&0.00deg",
    "thumbnail_url": "https://saigai.gsi.go.jp/1/R8_kumamoto/0729yatsushiro_naname/naname/qv/thumbnail/1479.JPG"
   }
  },
  {
   "type": "Feature",
   "geometry": {
    "type": "Point",
    "coordinates": [
     130.496389,
     32.295556
    ]
   },
   "properties": {
    "district": "八代地区",
    "photo_no": "1480",
    "captured_at": "2026-07-29T13:23:35+09:00",
    "viewer_url": "https://saigai.gsi.go.jp/1/index_dmc.html?R8_kumamoto/0729yatsushiro_naname/naname/qv/1480.JPG&0.00deg",
    "thumbnail_url": "https://saigai.gsi.go.jp/1/R8_kumamoto/0729yatsushiro_naname/naname/qv/thumbnail/1480.JPG"
   }
  },
  {
   "type": "Feature",
   "geometry": {
    "type": "Point",
    "coordinates": [
     130.499167,
     32.298611
    ]
   },
   "properties": {
    "district": "八代地区",
    "photo_no": "1481",
    "captured_at": "2026-07-29T13:23:42+09:00",
    "viewer_url": "https://saigai.gsi.go.jp/1/index_dmc.html?R8_kumamoto/0729yatsushiro_naname/naname/qv/1481.JPG&0.00deg",
    "thumbnail_url": "https://saigai.gsi.go.jp/1/R8_kumamoto/0729yatsushiro_naname/naname/qv/thumbnail/1481.JPG"
   }
  },
  {
   "type": "Feature",
   "geometry": {
    "type": "Point",
    "coordinates": [
     130.503056,
     32.303056
    ]
   },
   "properties": {
    "district": "八代地区",
    "photo_no": "1482",
    "captured_at": "2026-07-29T13:23:49+09:00",
    "viewer_url": "https://saigai.gsi.go.jp/1/index_dmc.html?R8_kumamoto/0729yatsushiro_naname/naname/qv/1482.JPG&0.00deg",
    "thumbnail_url": "https://saigai.gsi.go.jp/1/R8_kumamoto/0729yatsushiro_naname/naname/qv/thumbnail/1482.JPG"
   }
  },
  {
   "type": "Feature",
   "geometry": {
    "type": "Point",
    "coordinates": [
     130.505278,
     32.305833
    ]
   },
   "properties": {
    "district": "八代地区",
    "photo_no": "1483",
    "captured_at": "2026-07-29T13:23:55+09:00",
    "viewer_url": "https://saigai.gsi.go.jp/1/index_dmc.html?R8_kumamoto/0729yatsushiro_naname/naname/qv/1483.JPG&0.00deg",
    "thumbnail_url": "https://saigai.gsi.go.jp/1/R8_kumamoto/0729yatsushiro_naname/naname/qv/thumbnail/1483.JPG"
   }
  },
  {
   "type": "Feature",
   "geometry": {
    "type": "Point",
    "coordinates": [
     130.509167,
     32.310278
    ]
   },
   "properties": {
    "district": "八代地区",
    "photo_no": "1484",
    "captured_at": "2026-07-29T13:24:02+09:00",
    "viewer_url": "https://saigai.gsi.go.jp/1/index_dmc.html?R8_kumamoto/0729yatsushiro_naname/naname/qv/1484.JPG&0.00deg",
    "thumbnail_url": "https://saigai.gsi.go.jp/1/R8_kumamoto/0729yatsushiro_naname/naname/qv/thumbnail/1484.JPG"
   }
  },
  {
   "type": "Feature",
   "geometry": {
    "type": "Point",
    "coordinates": [
     130.511944,
     32.313611
    ]
   },
   "properties": {
    "district": "八代地区",
    "photo_no": "1485",
    "captured_at": "2026-07-29T13:24:08+09:00",
    "viewer_url": "https://saigai.gsi.go.jp/1/index_dmc.html?R8_kumamoto/0729yatsushiro_naname/naname/qv/1485.JPG&0.00deg",
    "thumbnail_url": "https://saigai.gsi.go.jp/1/R8_kumamoto/0729yatsushiro_naname/naname/qv/thumbnail/1485.JPG"
   }
  },
  {
   "type": "Feature",
   "geometry": {
    "type": "Point",
    "coordinates": [
     130.514167,
     32.316389
    ]
   },
   "properties": {
    "district": "八代地区",
    "photo_no": "1486",
    "captured_at": "2026-07-29T13:24:13+09:00",
    "viewer_url": "https://saigai.gsi.go.jp/1/index_dmc.html?R8_kumamoto/0729yatsushiro_naname/naname/qv/1486.JPG&0.00deg",
    "thumbnail_url": "https://saigai.gsi.go.jp/1/R8_kumamoto/0729yatsushiro_naname/naname/qv/thumbnail/1486.JPG"
   }
  },
  {
   "type": "Feature",
   "geometry": {
    "type": "Point",
    "coordinates": [
     130.516667,
     32.319167
    ]
   },
   "properties": {
    "district": "八代地区",
    "photo_no": "1487",
    "captured_at": "2026-07-29T13:24:19+09:00",
    "viewer_url": "https://saigai.gsi.go.jp/1/index_dmc.html?R8_kumamoto/0729yatsushiro_naname/naname/qv/1487.JPG&0.00deg",
    "thumbnail_url": "https://saigai.gsi.go.jp/1/R8_kumamoto/0729yatsushiro_naname/naname/qv/thumbnail/1487.JPG"
   }
  },
  {
   "type": "Feature",
   "geometry": {
    "type": "Point",
    "coordinates": [
     130.519722,
     32.3225
    ]
   },
   "properties": {
    "district": "八代地区",
    "photo_no": "1488",
    "captured_at": "2026-07-29T13:24:24+09:00",
    "viewer_url": "https://saigai.gsi.go.jp/1/index_dmc.html?R8_kumamoto/0729yatsushiro_naname/naname/qv/1488.JPG&0.00deg",
    "thumbnail_url": "https://saigai.gsi.go.jp/1/R8_kumamoto/0729yatsushiro_naname/naname/qv/thumbnail/1488.JPG"
   }
  },
  {
   "type": "Feature",
   "geometry": {
    "type": "Point",
    "coordinates": [
     130.523611,
     32.326667
    ]
   },
   "properties": {
    "district": "八代地区",
    "photo_no": "1489",
    "captured_at": "2026-07-29T13:24:32+09:00",
    "viewer_url": "https://saigai.gsi.go.jp/1/index_dmc.html?R8_kumamoto/0729yatsushiro_naname/naname/qv/1489.JPG&0.00deg",
    "thumbnail_url": "https://saigai.gsi.go.jp/1/R8_kumamoto/0729yatsushiro_naname/naname/qv/thumbnail/1489.JPG"
   }
  },
  {
   "type": "Feature",
   "geometry": {
    "type": "Point",
    "coordinates": [
     130.526667,
     32.33
    ]
   },
   "properties": {
    "district": "八代地区",
    "photo_no": "1490",
    "captured_at": "2026-07-29T13:24:38+09:00",
    "viewer_url": "https://saigai.gsi.go.jp/1/index_dmc.html?R8_kumamoto/0729yatsushiro_naname/naname/qv/1490.JPG&0.00deg",
    "thumbnail_url": "https://saigai.gsi.go.jp/1/R8_kumamoto/0729yatsushiro_naname/naname/qv/thumbnail/1490.JPG"
   }
  },
  {
   "type": "Feature",
   "geometry": {
    "type": "Point",
    "coordinates": [
     130.529444,
     32.333333
    ]
   },
   "properties": {
    "district": "八代地区",
    "photo_no": "1491",
    "captured_at": "2026-07-29T13:24:44+09:00",
    "viewer_url": "https://saigai.gsi.go.jp/1/index_dmc.html?R8_kumamoto/0729yatsushiro_naname/naname/qv/1491.JPG&0.00deg",
    "thumbnail_url": "https://saigai.gsi.go.jp/1/R8_kumamoto/0729yatsushiro_naname/naname/qv/thumbnail/1491.JPG"
   }
  },
  {
   "type": "Feature",
   "geometry": {
    "type": "Point",
    "coordinates": [
     130.5325,
     32.336667
    ]
   },
   "properties": {
    "district": "八代地区",
    "photo_no": "1492",
    "captured_at": "2026-07-29T13:24:50+09:00",
    "viewer_url": "https://saigai.gsi.go.jp/1/index_dmc.html?R8_kumamoto/0729yatsushiro_naname/naname/qv/1492.JPG&0.00deg",
    "thumbnail_url": "https://saigai.gsi.go.jp/1/R8_kumamoto/0729yatsushiro_naname/naname/qv/thumbnail/1492.JPG"
   }
  },
  {
   "type": "Feature",
   "geometry": {
    "type": "Point",
    "coordinates": [
     130.535556,
     32.34
    ]
   },
   "properties": {
    "district": "八代地区",
    "photo_no": "1493",
    "captured_at": "2026-07-29T13:24:57+09:00",
    "viewer_url": "https://saigai.gsi.go.jp/1/index_dmc.html?R8_kumamoto/0729yatsushiro_naname/naname/qv/1493.JPG&0.00deg",
    "thumbnail_url": "https://saigai.gsi.go.jp/1/R8_kumamoto/0729yatsushiro_naname/naname/qv/thumbnail/1493.JPG"
   }
  },
  {
   "type": "Feature",
   "geometry": {
    "type": "Point",
    "coordinates": [
     130.538333,
     32.343333
    ]
   },
   "properties": {
    "district": "八代地区",
    "photo_no": "1494",
    "captured_at": "2026-07-29T13:25:03+09:00",
    "viewer_url": "https://saigai.gsi.go.jp/1/index_dmc.html?R8_kumamoto/0729yatsushiro_naname/naname/qv/1494.JPG&0.00deg",
    "thumbnail_url": "https://saigai.gsi.go.jp/1/R8_kumamoto/0729yatsushiro_naname/naname/qv/thumbnail/1494.JPG"
   }
  },
  {
   "type": "Feature",
   "geometry": {
    "type": "Point",
    "coordinates": [
     130.541111,
     32.346389
    ]
   },
   "properties": {
    "district": "八代地区",
    "photo_no": "1495",
    "captured_at": "2026-07-29T13:25:08+09:00",
    "viewer_url": "https://saigai.gsi.go.jp/1/index_dmc.html?R8_kumamoto/0729yatsushiro_naname/naname/qv/1495.JPG&0.00deg",
    "thumbnail_url": "https://saigai.gsi.go.jp/1/R8_kumamoto/0729yatsushiro_naname/naname/qv/thumbnail/1495.JPG"
   }
  },
  {
   "type": "Feature",
   "geometry": {
    "type": "Point",
    "coordinates": [
     130.545,
     32.350833
    ]
   },
   "properties": {
    "district": "八代地区",
    "photo_no": "1496",
    "captured_at": "2026-07-29T13:25:16+09:00",
    "viewer_url": "https://saigai.gsi.go.jp/1/index_dmc.html?R8_kumamoto/0729yatsushiro_naname/naname/qv/1496.JPG&0.00deg",
    "thumbnail_url": "https://saigai.gsi.go.jp/1/R8_kumamoto/0729yatsushiro_naname/naname/qv/thumbnail/1496.JPG"
   }
  },
  {
   "type": "Feature",
   "geometry": {
    "type": "Point",
    "coordinates": [
     130.547778,
     32.354167
    ]
   },
   "properties": {
    "district": "八代地区",
    "photo_no": "1497",
    "captured_at": "2026-07-29T13:25:22+09:00",
    "viewer_url": "https://saigai.gsi.go.jp/1/index_dmc.html?R8_kumamoto/0729yatsushiro_naname/naname/qv/1497.JPG&0.00deg",
    "thumbnail_url": "https://saigai.gsi.go.jp/1/R8_kumamoto/0729yatsushiro_naname/naname/qv/thumbnail/1497.JPG"
   }
  },
  {
   "type": "Feature",
   "geometry": {
    "type": "Point",
    "coordinates": [
     130.550556,
     32.3575
    ]
   },
   "properties": {
    "district": "八代地区",
    "photo_no": "1498",
    "captured_at": "2026-07-29T13:25:28+09:00",
    "viewer_url": "https://saigai.gsi.go.jp/1/index_dmc.html?R8_kumamoto/0729yatsushiro_naname/naname/qv/1498.JPG&0.00deg",
    "thumbnail_url": "https://saigai.gsi.go.jp/1/R8_kumamoto/0729yatsushiro_naname/naname/qv/thumbnail/1498.JPG"
   }
  },
  {
   "type": "Feature",
   "geometry": {
    "type": "Point",
    "coordinates": [
     130.553056,
     32.360278
    ]
   },
   "properties": {
    "district": "八代地区",
    "photo_no": "1499",
    "captured_at": "2026-07-29T13:25:34+09:00",
    "viewer_url": "https://saigai.gsi.go.jp/1/index_dmc.html?R8_kumamoto/0729yatsushiro_naname/naname/qv/1499.JPG&0.00deg",
    "thumbnail_url": "https://saigai.gsi.go.jp/1/R8_kumamoto/0729yatsushiro_naname/naname/qv/thumbnail/1499.JPG"
   }
  },
  {
   "type": "Feature",
   "geometry": {
    "type": "Point",
    "coordinates": [
     130.555833,
     32.363611
    ]
   },
   "properties": {
    "district": "八代地区",
    "photo_no": "1500",
    "captured_at": "2026-07-29T13:25:40+09:00",
    "viewer_url": "https://saigai.gsi.go.jp/1/index_dmc.html?R8_kumamoto/0729yatsushiro_naname/naname/qv/1500.JPG&0.00deg",
    "thumbnail_url": "https://saigai.gsi.go.jp/1/R8_kumamoto/0729yatsushiro_naname/naname/qv/thumbnail/1500.JPG"
   }
  },
  {
   "type": "Feature",
   "geometry": {
    "type": "Point",
    "coordinates": [
     130.558889,
     32.366667
    ]
   },
   "properties": {
    "district": "八代地区",
    "photo_no": "1501",
    "captured_at": "2026-07-29T13:25:45+09:00",
    "viewer_url": "https://saigai.gsi.go.jp/1/index_dmc.html?R8_kumamoto/0729yatsushiro_naname/naname/qv/1501.JPG&0.00deg",
    "thumbnail_url": "https://saigai.gsi.go.jp/1/R8_kumamoto/0729yatsushiro_naname/naname/qv/thumbnail/1501.JPG"
   }
  },
  {
   "type": "Feature",
   "geometry": {
    "type": "Point",
    "coordinates": [
     130.561667,
     32.37
    ]
   },
   "properties": {
    "district": "八代地区",
    "photo_no": "1502",
    "captured_at": "2026-07-29T13:25:51+09:00",
    "viewer_url": "https://saigai.gsi.go.jp/1/index_dmc.html?R8_kumamoto/0729yatsushiro_naname/naname/qv/1502.JPG&0.00deg",
    "thumbnail_url": "https://saigai.gsi.go.jp/1/R8_kumamoto/0729yatsushiro_naname/naname/qv/thumbnail/1502.JPG"
   }
  },
  {
   "type": "Feature",
   "geometry": {
    "type": "Point",
    "coordinates": [
     130.564167,
     32.372778
    ]
   },
   "properties": {
    "district": "八代地区",
    "photo_no": "1503",
    "captured_at": "2026-07-29T13:25:56+09:00",
    "viewer_url": "https://saigai.gsi.go.jp/1/index_dmc.html?R8_kumamoto/0729yatsushiro_naname/naname/qv/1503.JPG&0.00deg",
    "thumbnail_url": "https://saigai.gsi.go.jp/1/R8_kumamoto/0729yatsushiro_naname/naname/qv/thumbnail/1503.JPG"
   }
  },
  {
   "type": "Feature",
   "geometry": {
    "type": "Point",
    "coordinates": [
     130.566667,
     32.375278
    ]
   },
   "properties": {
    "district": "八代地区",
    "photo_no": "1504",
    "captured_at": "2026-07-29T13:26:02+09:00",
    "viewer_url": "https://saigai.gsi.go.jp/1/index_dmc.html?R8_kumamoto/0729yatsushiro_naname/naname/qv/1504.JPG&0.00deg",
    "thumbnail_url": "https://saigai.gsi.go.jp/1/R8_kumamoto/0729yatsushiro_naname/naname/qv/thumbnail/1504.JPG"
   }
  },
  {
   "type": "Feature",
   "geometry": {
    "type": "Point",
    "coordinates": [
     130.569444,
     32.378611
    ]
   },
   "properties": {
    "district": "八代地区",
    "photo_no": "1505",
    "captured_at": "2026-07-29T13:26:07+09:00",
    "viewer_url": "https://saigai.gsi.go.jp/1/index_dmc.html?R8_kumamoto/0729yatsushiro_naname/naname/qv/1505.JPG&0.00deg",
    "thumbnail_url": "https://saigai.gsi.go.jp/1/R8_kumamoto/0729yatsushiro_naname/naname/qv/thumbnail/1505.JPG"
   }
  },
  {
   "type": "Feature",
   "geometry": {
    "type": "Point",
    "coordinates": [
     130.573056,
     32.3825
    ]
   },
   "properties": {
    "district": "八代地区",
    "photo_no": "1506",
    "captured_at": "2026-07-29T13:26:14+09:00",
    "viewer_url": "https://saigai.gsi.go.jp/1/index_dmc.html?R8_kumamoto/0729yatsushiro_naname/naname/qv/1506.JPG&0.00deg",
    "thumbnail_url": "https://saigai.gsi.go.jp/1/R8_kumamoto/0729yatsushiro_naname/naname/qv/thumbnail/1506.JPG"
   }
  },
  {
   "type": "Feature",
   "geometry": {
    "type": "Point",
    "coordinates": [
     130.576111,
     32.386389
    ]
   },
   "properties": {
    "district": "八代地区",
    "photo_no": "1507",
    "captured_at": "2026-07-29T13:26:21+09:00",
    "viewer_url": "https://saigai.gsi.go.jp/1/index_dmc.html?R8_kumamoto/0729yatsushiro_naname/naname/qv/1507.JPG&0.00deg",
    "thumbnail_url": "https://saigai.gsi.go.jp/1/R8_kumamoto/0729yatsushiro_naname/naname/qv/thumbnail/1507.JPG"
   }
  },
  {
   "type": "Feature",
   "geometry": {
    "type": "Point",
    "coordinates": [
     130.579167,
     32.389722
    ]
   },
   "properties": {
    "district": "八代地区",
    "photo_no": "1508",
    "captured_at": "2026-07-29T13:26:27+09:00",
    "viewer_url": "https://saigai.gsi.go.jp/1/index_dmc.html?R8_kumamoto/0729yatsushiro_naname/naname/qv/1508.JPG&0.00deg",
    "thumbnail_url": "https://saigai.gsi.go.jp/1/R8_kumamoto/0729yatsushiro_naname/naname/qv/thumbnail/1508.JPG"
   }
  },
  {
   "type": "Feature",
   "geometry": {
    "type": "Point",
    "coordinates": [
     130.581944,
     32.393056
    ]
   },
   "properties": {
    "district": "八代地区",
    "photo_no": "1509",
    "captured_at": "2026-07-29T13:26:33+09:00",
    "viewer_url": "https://saigai.gsi.go.jp/1/index_dmc.html?R8_kumamoto/0729yatsushiro_naname/naname/qv/1509.JPG&0.00deg",
    "thumbnail_url": "https://saigai.gsi.go.jp/1/R8_kumamoto/0729yatsushiro_naname/naname/qv/thumbnail/1509.JPG"
   }
  },
  {
   "type": "Feature",
   "geometry": {
    "type": "Point",
    "coordinates": [
     130.584722,
     32.396111
    ]
   },
   "properties": {
    "district": "八代地区",
    "photo_no": "1510",
    "captured_at": "2026-07-29T13:26:39+09:00",
    "viewer_url": "https://saigai.gsi.go.jp/1/index_dmc.html?R8_kumamoto/0729yatsushiro_naname/naname/qv/1510.JPG&0.00deg",
    "thumbnail_url": "https://saigai.gsi.go.jp/1/R8_kumamoto/0729yatsushiro_naname/naname/qv/thumbnail/1510.JPG"
   }
  },
  {
   "type": "Feature",
   "geometry": {
    "type": "Point",
    "coordinates": [
     130.587222,
     32.398889
    ]
   },
   "properties": {
    "district": "八代地区",
    "photo_no": "1511",
    "captured_at": "2026-07-29T13:26:44+09:00",
    "viewer_url": "https://saigai.gsi.go.jp/1/index_dmc.html?R8_kumamoto/0729yatsushiro_naname/naname/qv/1511.JPG&0.00deg",
    "thumbnail_url": "https://saigai.gsi.go.jp/1/R8_kumamoto/0729yatsushiro_naname/naname/qv/thumbnail/1511.JPG"
   }
  },
  {
   "type": "Feature",
   "geometry": {
    "type": "Point",
    "coordinates": [
     130.590556,
     32.402778
    ]
   },
   "properties": {
    "district": "八代地区",
    "photo_no": "1512",
    "captured_at": "2026-07-29T13:26:51+09:00",
    "viewer_url": "https://saigai.gsi.go.jp/1/index_dmc.html?R8_kumamoto/0729yatsushiro_naname/naname/qv/1512.JPG&0.00deg",
    "thumbnail_url": "https://saigai.gsi.go.jp/1/R8_kumamoto/0729yatsushiro_naname/naname/qv/thumbnail/1512.JPG"
   }
  },
  {
   "type": "Feature",
   "geometry": {
    "type": "Point",
    "coordinates": [
     130.593611,
     32.405833
    ]
   },
   "properties": {
    "district": "八代地区",
    "photo_no": "1513",
    "captured_at": "2026-07-29T13:26:57+09:00",
    "viewer_url": "https://saigai.gsi.go.jp/1/index_dmc.html?R8_kumamoto/0729yatsushiro_naname/naname/qv/1513.JPG&0.00deg",
    "thumbnail_url": "https://saigai.gsi.go.jp/1/R8_kumamoto/0729yatsushiro_naname/naname/qv/thumbnail/1513.JPG"
   }
  },
  {
   "type": "Feature",
   "geometry": {
    "type": "Point",
    "coordinates": [
     130.595833,
     32.408611
    ]
   },
   "properties": {
    "district": "八代地区",
    "photo_no": "1514",
    "captured_at": "2026-07-29T13:27:02+09:00",
    "viewer_url": "https://saigai.gsi.go.jp/1/index_dmc.html?R8_kumamoto/0729yatsushiro_naname/naname/qv/1514.JPG&0.00deg",
    "thumbnail_url": "https://saigai.gsi.go.jp/1/R8_kumamoto/0729yatsushiro_naname/naname/qv/thumbnail/1514.JPG"
   }
  },
  {
   "type": "Feature",
   "geometry": {
    "type": "Point",
    "coordinates": [
     130.598889,
     32.411944
    ]
   },
   "properties": {
    "district": "八代地区",
    "photo_no": "1515",
    "captured_at": "2026-07-29T13:27:08+09:00",
    "viewer_url": "https://saigai.gsi.go.jp/1/index_dmc.html?R8_kumamoto/0729yatsushiro_naname/naname/qv/1515.JPG&0.00deg",
    "thumbnail_url": "https://saigai.gsi.go.jp/1/R8_kumamoto/0729yatsushiro_naname/naname/qv/thumbnail/1515.JPG"
   }
  },
  {
   "type": "Feature",
   "geometry": {
    "type": "Point",
    "coordinates": [
     130.601667,
     32.415278
    ]
   },
   "properties": {
    "district": "八代地区",
    "photo_no": "1516",
    "captured_at": "2026-07-29T13:27:15+09:00",
    "viewer_url": "https://saigai.gsi.go.jp/1/index_dmc.html?R8_kumamoto/0729yatsushiro_naname/naname/qv/1516.JPG&0.00deg",
    "thumbnail_url": "https://saigai.gsi.go.jp/1/R8_kumamoto/0729yatsushiro_naname/naname/qv/thumbnail/1516.JPG"
   }
  },
  {
   "type": "Feature",
   "geometry": {
    "type": "Point",
    "coordinates": [
     130.603889,
     32.418056
    ]
   },
   "properties": {
    "district": "八代地区",
    "photo_no": "1517",
    "captured_at": "2026-07-29T13:27:19+09:00",
    "viewer_url": "https://saigai.gsi.go.jp/1/index_dmc.html?R8_kumamoto/0729yatsushiro_naname/naname/qv/1517.JPG&0.00deg",
    "thumbnail_url": "https://saigai.gsi.go.jp/1/R8_kumamoto/0729yatsushiro_naname/naname/qv/thumbnail/1517.JPG"
   }
  },
  {
   "type": "Feature",
   "geometry": {
    "type": "Point",
    "coordinates": [
     130.605833,
     32.42
    ]
   },
   "properties": {
    "district": "八代地区",
    "photo_no": "1518",
    "captured_at": "2026-07-29T13:27:24+09:00",
    "viewer_url": "https://saigai.gsi.go.jp/1/index_dmc.html?R8_kumamoto/0729yatsushiro_naname/naname/qv/1518.JPG&0.00deg",
    "thumbnail_url": "https://saigai.gsi.go.jp/1/R8_kumamoto/0729yatsushiro_naname/naname/qv/thumbnail/1518.JPG"
   }
  },
  {
   "type": "Feature",
   "geometry": {
    "type": "Point",
    "coordinates": [
     130.608056,
     32.422778
    ]
   },
   "properties": {
    "district": "八代地区",
    "photo_no": "1519",
    "captured_at": "2026-07-29T13:27:28+09:00",
    "viewer_url": "https://saigai.gsi.go.jp/1/index_dmc.html?R8_kumamoto/0729yatsushiro_naname/naname/qv/1519.JPG&0.00deg",
    "thumbnail_url": "https://saigai.gsi.go.jp/1/R8_kumamoto/0729yatsushiro_naname/naname/qv/thumbnail/1519.JPG"
   }
  },
  {
   "type": "Feature",
   "geometry": {
    "type": "Point",
    "coordinates": [
     130.610556,
     32.425556
    ]
   },
   "properties": {
    "district": "八代地区",
    "photo_no": "1520",
    "captured_at": "2026-07-29T13:27:34+09:00",
    "viewer_url": "https://saigai.gsi.go.jp/1/index_dmc.html?R8_kumamoto/0729yatsushiro_naname/naname/qv/1520.JPG&0.00deg",
    "thumbnail_url": "https://saigai.gsi.go.jp/1/R8_kumamoto/0729yatsushiro_naname/naname/qv/thumbnail/1520.JPG"
   }
  },
  {
   "type": "Feature",
   "geometry": {
    "type": "Point",
    "coordinates": [
     130.613056,
     32.428056
    ]
   },
   "properties": {
    "district": "八代地区",
    "photo_no": "1521",
    "captured_at": "2026-07-29T13:27:38+09:00",
    "viewer_url": "https://saigai.gsi.go.jp/1/index_dmc.html?R8_kumamoto/0729yatsushiro_naname/naname/qv/1521.JPG&0.00deg",
    "thumbnail_url": "https://saigai.gsi.go.jp/1/R8_kumamoto/0729yatsushiro_naname/naname/qv/thumbnail/1521.JPG"
   }
  },
  {
   "type": "Feature",
   "geometry": {
    "type": "Point",
    "coordinates": [
     130.615278,
     32.430833
    ]
   },
   "properties": {
    "district": "八代地区",
    "photo_no": "1522",
    "captured_at": "2026-07-29T13:27:44+09:00",
    "viewer_url": "https://saigai.gsi.go.jp/1/index_dmc.html?R8_kumamoto/0729yatsushiro_naname/naname/qv/1522.JPG&0.00deg",
    "thumbnail_url": "https://saigai.gsi.go.jp/1/R8_kumamoto/0729yatsushiro_naname/naname/qv/thumbnail/1522.JPG"
   }
  },
  {
   "type": "Feature",
   "geometry": {
    "type": "Point",
    "coordinates": [
     130.617778,
     32.433611
    ]
   },
   "properties": {
    "district": "八代地区",
    "photo_no": "1523",
    "captured_at": "2026-07-29T13:27:49+09:00",
    "viewer_url": "https://saigai.gsi.go.jp/1/index_dmc.html?R8_kumamoto/0729yatsushiro_naname/naname/qv/1523.JPG&0.00deg",
    "thumbnail_url": "https://saigai.gsi.go.jp/1/R8_kumamoto/0729yatsushiro_naname/naname/qv/thumbnail/1523.JPG"
   }
  },
  {
   "type": "Feature",
   "geometry": {
    "type": "Point",
    "coordinates": [
     130.621944,
     32.438333
    ]
   },
   "properties": {
    "district": "八代地区",
    "photo_no": "1524",
    "captured_at": "2026-07-29T13:27:57+09:00",
    "viewer_url": "https://saigai.gsi.go.jp/1/index_dmc.html?R8_kumamoto/0729yatsushiro_naname/naname/qv/1524.JPG&0.00deg",
    "thumbnail_url": "https://saigai.gsi.go.jp/1/R8_kumamoto/0729yatsushiro_naname/naname/qv/thumbnail/1524.JPG"
   }
  },
  {
   "type": "Feature",
   "geometry": {
    "type": "Point",
    "coordinates": [
     130.625,
     32.441389
    ]
   },
   "properties": {
    "district": "八代地区",
    "photo_no": "1525",
    "captured_at": "2026-07-29T13:28:03+09:00",
    "viewer_url": "https://saigai.gsi.go.jp/1/index_dmc.html?R8_kumamoto/0729yatsushiro_naname/naname/qv/1525.JPG&0.00deg",
    "thumbnail_url": "https://saigai.gsi.go.jp/1/R8_kumamoto/0729yatsushiro_naname/naname/qv/thumbnail/1525.JPG"
   }
  },
  {
   "type": "Feature",
   "geometry": {
    "type": "Point",
    "coordinates": [
     130.627778,
     32.444722
    ]
   },
   "properties": {
    "district": "八代地区",
    "photo_no": "1526",
    "captured_at": "2026-07-29T13:28:09+09:00",
    "viewer_url": "https://saigai.gsi.go.jp/1/index_dmc.html?R8_kumamoto/0729yatsushiro_naname/naname/qv/1526.JPG&0.00deg",
    "thumbnail_url": "https://saigai.gsi.go.jp/1/R8_kumamoto/0729yatsushiro_naname/naname/qv/thumbnail/1526.JPG"
   }
  },
  {
   "type": "Feature",
   "geometry": {
    "type": "Point",
    "coordinates": [
     130.631111,
     32.448611
    ]
   },
   "properties": {
    "district": "八代地区",
    "photo_no": "1527",
    "captured_at": "2026-07-29T13:28:16+09:00",
    "viewer_url": "https://saigai.gsi.go.jp/1/index_dmc.html?R8_kumamoto/0729yatsushiro_naname/naname/qv/1527.JPG&0.00deg",
    "thumbnail_url": "https://saigai.gsi.go.jp/1/R8_kumamoto/0729yatsushiro_naname/naname/qv/thumbnail/1527.JPG"
   }
  },
  {
   "type": "Feature",
   "geometry": {
    "type": "Point",
    "coordinates": [
     130.634444,
     32.452222
    ]
   },
   "properties": {
    "district": "八代地区",
    "photo_no": "1528",
    "captured_at": "2026-07-29T13:28:23+09:00",
    "viewer_url": "https://saigai.gsi.go.jp/1/index_dmc.html?R8_kumamoto/0729yatsushiro_naname/naname/qv/1528.JPG&0.00deg",
    "thumbnail_url": "https://saigai.gsi.go.jp/1/R8_kumamoto/0729yatsushiro_naname/naname/qv/thumbnail/1528.JPG"
   }
  },
  {
   "type": "Feature",
   "geometry": {
    "type": "Point",
    "coordinates": [
     130.637222,
     32.455556
    ]
   },
   "properties": {
    "district": "八代地区",
    "photo_no": "1529",
    "captured_at": "2026-07-29T13:28:30+09:00",
    "viewer_url": "https://saigai.gsi.go.jp/1/index_dmc.html?R8_kumamoto/0729yatsushiro_naname/naname/qv/1529.JPG&0.00deg",
    "thumbnail_url": "https://saigai.gsi.go.jp/1/R8_kumamoto/0729yatsushiro_naname/naname/qv/thumbnail/1529.JPG"
   }
  },
  {
   "type": "Feature",
   "geometry": {
    "type": "Point",
    "coordinates": [
     130.640556,
     32.459444
    ]
   },
   "properties": {
    "district": "八代地区",
    "photo_no": "1530",
    "captured_at": "2026-07-29T13:28:37+09:00",
    "viewer_url": "https://saigai.gsi.go.jp/1/index_dmc.html?R8_kumamoto/0729yatsushiro_naname/naname/qv/1530.JPG&0.00deg",
    "thumbnail_url": "https://saigai.gsi.go.jp/1/R8_kumamoto/0729yatsushiro_naname/naname/qv/thumbnail/1530.JPG"
   }
  },
  {
   "type": "Feature",
   "geometry": {
    "type": "Point",
    "coordinates": [
     130.643056,
     32.461944
    ]
   },
   "properties": {
    "district": "八代地区",
    "photo_no": "1531",
    "captured_at": "2026-07-29T13:28:41+09:00",
    "viewer_url": "https://saigai.gsi.go.jp/1/index_dmc.html?R8_kumamoto/0729yatsushiro_naname/naname/qv/1531.JPG&0.00deg",
    "thumbnail_url": "https://saigai.gsi.go.jp/1/R8_kumamoto/0729yatsushiro_naname/naname/qv/thumbnail/1531.JPG"
   }
  },
  {
   "type": "Feature",
   "geometry": {
    "type": "Point",
    "coordinates": [
     130.645833,
     32.465278
    ]
   },
   "properties": {
    "district": "八代地区",
    "photo_no": "1532",
    "captured_at": "2026-07-29T13:28:48+09:00",
    "viewer_url": "https://saigai.gsi.go.jp/1/index_dmc.html?R8_kumamoto/0729yatsushiro_naname/naname/qv/1532.JPG&0.00deg",
    "thumbnail_url": "https://saigai.gsi.go.jp/1/R8_kumamoto/0729yatsushiro_naname/naname/qv/thumbnail/1532.JPG"
   }
  },
  {
   "type": "Feature",
   "geometry": {
    "type": "Point",
    "coordinates": [
     130.649444,
     32.469722
    ]
   },
   "properties": {
    "district": "八代地区",
    "photo_no": "1533",
    "captured_at": "2026-07-29T13:28:55+09:00",
    "viewer_url": "https://saigai.gsi.go.jp/1/index_dmc.html?R8_kumamoto/0729yatsushiro_naname/naname/qv/1533.JPG&0.00deg",
    "thumbnail_url": "https://saigai.gsi.go.jp/1/R8_kumamoto/0729yatsushiro_naname/naname/qv/thumbnail/1533.JPG"
   }
  },
  {
   "type": "Feature",
   "geometry": {
    "type": "Point",
    "coordinates": [
     130.651944,
     32.4725
    ]
   },
   "properties": {
    "district": "八代地区",
    "photo_no": "1534",
    "captured_at": "2026-07-29T13:29:00+09:00",
    "viewer_url": "https://saigai.gsi.go.jp/1/index_dmc.html?R8_kumamoto/0729yatsushiro_naname/naname/qv/1534.JPG&0.00deg",
    "thumbnail_url": "https://saigai.gsi.go.jp/1/R8_kumamoto/0729yatsushiro_naname/naname/qv/thumbnail/1534.JPG"
   }
  },
  {
   "type": "Feature",
   "geometry": {
    "type": "Point",
    "coordinates": [
     130.654444,
     32.475278
    ]
   },
   "properties": {
    "district": "八代地区",
    "photo_no": "1535",
    "captured_at": "2026-07-29T13:29:06+09:00",
    "viewer_url": "https://saigai.gsi.go.jp/1/index_dmc.html?R8_kumamoto/0729yatsushiro_naname/naname/qv/1535.JPG&0.00deg",
    "thumbnail_url": "https://saigai.gsi.go.jp/1/R8_kumamoto/0729yatsushiro_naname/naname/qv/thumbnail/1535.JPG"
   }
  },
  {
   "type": "Feature",
   "geometry": {
    "type": "Point",
    "coordinates": [
     130.657778,
     32.479167
    ]
   },
   "properties": {
    "district": "八代地区",
    "photo_no": "1536",
    "captured_at": "2026-07-29T13:29:13+09:00",
    "viewer_url": "https://saigai.gsi.go.jp/1/index_dmc.html?R8_kumamoto/0729yatsushiro_naname/naname/qv/1536.JPG&0.00deg",
    "thumbnail_url": "https://saigai.gsi.go.jp/1/R8_kumamoto/0729yatsushiro_naname/naname/qv/thumbnail/1536.JPG"
   }
  },
  {
   "type": "Feature",
   "geometry": {
    "type": "Point",
    "coordinates": [
     130.662222,
     32.483889
    ]
   },
   "properties": {
    "district": "八代地区",
    "photo_no": "1537",
    "captured_at": "2026-07-29T13:29:21+09:00",
    "viewer_url": "https://saigai.gsi.go.jp/1/index_dmc.html?R8_kumamoto/0729yatsushiro_naname/naname/qv/1537.JPG&0.00deg",
    "thumbnail_url": "https://saigai.gsi.go.jp/1/R8_kumamoto/0729yatsushiro_naname/naname/qv/thumbnail/1537.JPG"
   }
  },
  {
   "type": "Feature",
   "geometry": {
    "type": "Point",
    "coordinates": [
     130.665278,
     32.487222
    ]
   },
   "properties": {
    "district": "八代地区",
    "photo_no": "1538",
    "captured_at": "2026-07-29T13:29:27+09:00",
    "viewer_url": "https://saigai.gsi.go.jp/1/index_dmc.html?R8_kumamoto/0729yatsushiro_naname/naname/qv/1538.JPG&0.00deg",
    "thumbnail_url": "https://saigai.gsi.go.jp/1/R8_kumamoto/0729yatsushiro_naname/naname/qv/thumbnail/1538.JPG"
   }
  },
  {
   "type": "Feature",
   "geometry": {
    "type": "Point",
    "coordinates": [
     130.668611,
     32.491111
    ]
   },
   "properties": {
    "district": "八代地区",
    "photo_no": "1539",
    "captured_at": "2026-07-29T13:29:34+09:00",
    "viewer_url": "https://saigai.gsi.go.jp/1/index_dmc.html?R8_kumamoto/0729yatsushiro_naname/naname/qv/1539.JPG&0.00deg",
    "thumbnail_url": "https://saigai.gsi.go.jp/1/R8_kumamoto/0729yatsushiro_naname/naname/qv/thumbnail/1539.JPG"
   }
  },
  {
   "type": "Feature",
   "geometry": {
    "type": "Point",
    "coordinates": [
     130.671667,
     32.494444
    ]
   },
   "properties": {
    "district": "八代地区",
    "photo_no": "1540",
    "captured_at": "2026-07-29T13:29:39+09:00",
    "viewer_url": "https://saigai.gsi.go.jp/1/index_dmc.html?R8_kumamoto/0729yatsushiro_naname/naname/qv/1540.JPG&0.00deg",
    "thumbnail_url": "https://saigai.gsi.go.jp/1/R8_kumamoto/0729yatsushiro_naname/naname/qv/thumbnail/1540.JPG"
   }
  },
  {
   "type": "Feature",
   "geometry": {
    "type": "Point",
    "coordinates": [
     130.676111,
     32.499444
    ]
   },
   "properties": {
    "district": "八代地区",
    "photo_no": "1541",
    "captured_at": "2026-07-29T13:29:49+09:00",
    "viewer_url": "https://saigai.gsi.go.jp/1/index_dmc.html?R8_kumamoto/0729yatsushiro_naname/naname/qv/1541.JPG&0.00deg",
    "thumbnail_url": "https://saigai.gsi.go.jp/1/R8_kumamoto/0729yatsushiro_naname/naname/qv/thumbnail/1541.JPG"
   }
  },
  {
   "type": "Feature",
   "geometry": {
    "type": "Point",
    "coordinates": [
     130.679444,
     32.503333
    ]
   },
   "properties": {
    "district": "八代地区",
    "photo_no": "1542",
    "captured_at": "2026-07-29T13:29:57+09:00",
    "viewer_url": "https://saigai.gsi.go.jp/1/index_dmc.html?R8_kumamoto/0729yatsushiro_naname/naname/qv/1542.JPG&0.00deg",
    "thumbnail_url": "https://saigai.gsi.go.jp/1/R8_kumamoto/0729yatsushiro_naname/naname/qv/thumbnail/1542.JPG"
   }
  },
  {
   "type": "Feature",
   "geometry": {
    "type": "Point",
    "coordinates": [
     130.683333,
     32.508056
    ]
   },
   "properties": {
    "district": "八代地区",
    "photo_no": "1543",
    "captured_at": "2026-07-29T13:30:05+09:00",
    "viewer_url": "https://saigai.gsi.go.jp/1/index_dmc.html?R8_kumamoto/0729yatsushiro_naname/naname/qv/1543.JPG&0.00deg",
    "thumbnail_url": "https://saigai.gsi.go.jp/1/R8_kumamoto/0729yatsushiro_naname/naname/qv/thumbnail/1543.JPG"
   }
  },
  {
   "type": "Feature",
   "geometry": {
    "type": "Point",
    "coordinates": [
     130.686944,
     32.511944
    ]
   },
   "properties": {
    "district": "八代地区",
    "photo_no": "1544",
    "captured_at": "2026-07-29T13:30:12+09:00",
    "viewer_url": "https://saigai.gsi.go.jp/1/index_dmc.html?R8_kumamoto/0729yatsushiro_naname/naname/qv/1544.JPG&0.00deg",
    "thumbnail_url": "https://saigai.gsi.go.jp/1/R8_kumamoto/0729yatsushiro_naname/naname/qv/thumbnail/1544.JPG"
   }
  },
  {
   "type": "Feature",
   "geometry": {
    "type": "Point",
    "coordinates": [
     130.69,
     32.515278
    ]
   },
   "properties": {
    "district": "八代地区",
    "photo_no": "1545",
    "captured_at": "2026-07-29T13:30:18+09:00",
    "viewer_url": "https://saigai.gsi.go.jp/1/index_dmc.html?R8_kumamoto/0729yatsushiro_naname/naname/qv/1545.JPG&0.00deg",
    "thumbnail_url": "https://saigai.gsi.go.jp/1/R8_kumamoto/0729yatsushiro_naname/naname/qv/thumbnail/1545.JPG"
   }
  },
  {
   "type": "Feature",
   "geometry": {
    "type": "Point",
    "coordinates": [
     130.693333,
     32.519444
    ]
   },
   "properties": {
    "district": "八代地区",
    "photo_no": "1546",
    "captured_at": "2026-07-29T13:30:24+09:00",
    "viewer_url": "https://saigai.gsi.go.jp/1/index_dmc.html?R8_kumamoto/0729yatsushiro_naname/naname/qv/1546.JPG&0.00deg",
    "thumbnail_url": "https://saigai.gsi.go.jp/1/R8_kumamoto/0729yatsushiro_naname/naname/qv/thumbnail/1546.JPG"
   }
  },
  {
   "type": "Feature",
   "geometry": {
    "type": "Point",
    "coordinates": [
     130.695833,
     32.522222
    ]
   },
   "properties": {
    "district": "八代地区",
    "photo_no": "1547",
    "captured_at": "2026-07-29T13:30:29+09:00",
    "viewer_url": "https://saigai.gsi.go.jp/1/index_dmc.html?R8_kumamoto/0729yatsushiro_naname/naname/qv/1547.JPG&0.00deg",
    "thumbnail_url": "https://saigai.gsi.go.jp/1/R8_kumamoto/0729yatsushiro_naname/naname/qv/thumbnail/1547.JPG"
   }
  },
  {
   "type": "Feature",
   "geometry": {
    "type": "Point",
    "coordinates": [
     130.697778,
     32.524444
    ]
   },
   "properties": {
    "district": "八代地区",
    "photo_no": "1548",
    "captured_at": "2026-07-29T13:30:33+09:00",
    "viewer_url": "https://saigai.gsi.go.jp/1/index_dmc.html?R8_kumamoto/0729yatsushiro_naname/naname/qv/1548.JPG&0.00deg",
    "thumbnail_url": "https://saigai.gsi.go.jp/1/R8_kumamoto/0729yatsushiro_naname/naname/qv/thumbnail/1548.JPG"
   }
  },
  {
   "type": "Feature",
   "geometry": {
    "type": "Point",
    "coordinates": [
     130.700833,
     32.528056
    ]
   },
   "properties": {
    "district": "八代地区",
    "photo_no": "1549",
    "captured_at": "2026-07-29T13:30:40+09:00",
    "viewer_url": "https://saigai.gsi.go.jp/1/index_dmc.html?R8_kumamoto/0729yatsushiro_naname/naname/qv/1549.JPG&0.00deg",
    "thumbnail_url": "https://saigai.gsi.go.jp/1/R8_kumamoto/0729yatsushiro_naname/naname/qv/thumbnail/1549.JPG"
   }
  },
  {
   "type": "Feature",
   "geometry": {
    "type": "Point",
    "coordinates": [
     130.704444,
     32.531944
    ]
   },
   "properties": {
    "district": "八代地区",
    "photo_no": "1550",
    "captured_at": "2026-07-29T13:30:46+09:00",
    "viewer_url": "https://saigai.gsi.go.jp/1/index_dmc.html?R8_kumamoto/0729yatsushiro_naname/naname/qv/1550.JPG&0.00deg",
    "thumbnail_url": "https://saigai.gsi.go.jp/1/R8_kumamoto/0729yatsushiro_naname/naname/qv/thumbnail/1550.JPG"
   }
  },
  {
   "type": "Feature",
   "geometry": {
    "type": "Point",
    "coordinates": [
     130.7075,
     32.535278
    ]
   },
   "properties": {
    "district": "八代地区",
    "photo_no": "1551",
    "captured_at": "2026-07-29T13:30:52+09:00",
    "viewer_url": "https://saigai.gsi.go.jp/1/index_dmc.html?R8_kumamoto/0729yatsushiro_naname/naname/qv/1551.JPG&0.00deg",
    "thumbnail_url": "https://saigai.gsi.go.jp/1/R8_kumamoto/0729yatsushiro_naname/naname/qv/thumbnail/1551.JPG"
   }
  },
  {
   "type": "Feature",
   "geometry": {
    "type": "Point",
    "coordinates": [
     130.709722,
     32.538056
    ]
   },
   "properties": {
    "district": "八代地区",
    "photo_no": "1552",
    "captured_at": "2026-07-29T13:30:58+09:00",
    "viewer_url": "https://saigai.gsi.go.jp/1/index_dmc.html?R8_kumamoto/0729yatsushiro_naname/naname/qv/1552.JPG&0.00deg",
    "thumbnail_url": "https://saigai.gsi.go.jp/1/R8_kumamoto/0729yatsushiro_naname/naname/qv/thumbnail/1552.JPG"
   }
  },
  {
   "type": "Feature",
   "geometry": {
    "type": "Point",
    "coordinates": [
     130.714167,
     32.543056
    ]
   },
   "properties": {
    "district": "八代地区",
    "photo_no": "1553",
    "captured_at": "2026-07-29T13:31:06+09:00",
    "viewer_url": "https://saigai.gsi.go.jp/1/index_dmc.html?R8_kumamoto/0729yatsushiro_naname/naname/qv/1553.JPG&0.00deg",
    "thumbnail_url": "https://saigai.gsi.go.jp/1/R8_kumamoto/0729yatsushiro_naname/naname/qv/thumbnail/1553.JPG"
   }
  },
  {
   "type": "Feature",
   "geometry": {
    "type": "Point",
    "coordinates": [
     130.717778,
     32.546944
    ]
   },
   "properties": {
    "district": "八代地区",
    "photo_no": "1554",
    "captured_at": "2026-07-29T13:31:14+09:00",
    "viewer_url": "https://saigai.gsi.go.jp/1/index_dmc.html?R8_kumamoto/0729yatsushiro_naname/naname/qv/1554.JPG&0.00deg",
    "thumbnail_url": "https://saigai.gsi.go.jp/1/R8_kumamoto/0729yatsushiro_naname/naname/qv/thumbnail/1554.JPG"
   }
  },
  {
   "type": "Feature",
   "geometry": {
    "type": "Point",
    "coordinates": [
     130.722778,
     32.552222
    ]
   },
   "properties": {
    "district": "八代地区",
    "photo_no": "1555",
    "captured_at": "2026-07-29T13:31:23+09:00",
    "viewer_url": "https://saigai.gsi.go.jp/1/index_dmc.html?R8_kumamoto/0729yatsushiro_naname/naname/qv/1555.JPG&0.00deg",
    "thumbnail_url": "https://saigai.gsi.go.jp/1/R8_kumamoto/0729yatsushiro_naname/naname/qv/thumbnail/1555.JPG"
   }
  },
  {
   "type": "Feature",
   "geometry": {
    "type": "Point",
    "coordinates": [
     130.725833,
     32.555556
    ]
   },
   "properties": {
    "district": "八代地区",
    "photo_no": "1556",
    "captured_at": "2026-07-29T13:31:29+09:00",
    "viewer_url": "https://saigai.gsi.go.jp/1/index_dmc.html?R8_kumamoto/0729yatsushiro_naname/naname/qv/1556.JPG&0.00deg",
    "thumbnail_url": "https://saigai.gsi.go.jp/1/R8_kumamoto/0729yatsushiro_naname/naname/qv/thumbnail/1556.JPG"
   }
  },
  {
   "type": "Feature",
   "geometry": {
    "type": "Point",
    "coordinates": [
     130.728333,
     32.558333
    ]
   },
   "properties": {
    "district": "八代地区",
    "photo_no": "1557",
    "captured_at": "2026-07-29T13:31:35+09:00",
    "viewer_url": "https://saigai.gsi.go.jp/1/index_dmc.html?R8_kumamoto/0729yatsushiro_naname/naname/qv/1557.JPG&0.00deg",
    "thumbnail_url": "https://saigai.gsi.go.jp/1/R8_kumamoto/0729yatsushiro_naname/naname/qv/thumbnail/1557.JPG"
   }
  },
  {
   "type": "Feature",
   "geometry": {
    "type": "Point",
    "coordinates": [
     130.731111,
     32.561667
    ]
   },
   "properties": {
    "district": "八代地区",
    "photo_no": "1558",
    "captured_at": "2026-07-29T13:31:40+09:00",
    "viewer_url": "https://saigai.gsi.go.jp/1/index_dmc.html?R8_kumamoto/0729yatsushiro_naname/naname/qv/1558.JPG&0.00deg",
    "thumbnail_url": "https://saigai.gsi.go.jp/1/R8_kumamoto/0729yatsushiro_naname/naname/qv/thumbnail/1558.JPG"
   }
  },
  {
   "type": "Feature",
   "geometry": {
    "type": "Point",
    "coordinates": [
     130.706667,
     32.5575
    ]
   },
   "properties": {
    "district": "八代地区",
    "photo_no": "1389",
    "captured_at": "2026-07-29T13:10:37+09:00",
    "viewer_url": "https://saigai.gsi.go.jp/1/index_dmc.html?R8_kumamoto/0729yatsushiro_naname/naname/qv/1389.JPG&0.00deg",
    "thumbnail_url": "https://saigai.gsi.go.jp/1/R8_kumamoto/0729yatsushiro_naname/naname/qv/thumbnail/1389.JPG"
   }
  },
  {
   "type": "Feature",
   "geometry": {
    "type": "Point",
    "coordinates": [
     130.704722,
     32.555
    ]
   },
   "properties": {
    "district": "八代地区",
    "photo_no": "1390",
    "captured_at": "2026-07-29T13:10:41+09:00",
    "viewer_url": "https://saigai.gsi.go.jp/1/index_dmc.html?R8_kumamoto/0729yatsushiro_naname/naname/qv/1390.JPG&0.00deg",
    "thumbnail_url": "https://saigai.gsi.go.jp/1/R8_kumamoto/0729yatsushiro_naname/naname/qv/thumbnail/1390.JPG"
   }
  },
  {
   "type": "Feature",
   "geometry": {
    "type": "Point",
    "coordinates": [
     130.702222,
     32.552222
    ]
   },
   "properties": {
    "district": "八代地区",
    "photo_no": "1391",
    "captured_at": "2026-07-29T13:10:47+09:00",
    "viewer_url": "https://saigai.gsi.go.jp/1/index_dmc.html?R8_kumamoto/0729yatsushiro_naname/naname/qv/1391.JPG&0.00deg",
    "thumbnail_url": "https://saigai.gsi.go.jp/1/R8_kumamoto/0729yatsushiro_naname/naname/qv/thumbnail/1391.JPG"
   }
  },
  {
   "type": "Feature",
   "geometry": {
    "type": "Point",
    "coordinates": [
     130.698611,
     32.548333
    ]
   },
   "properties": {
    "district": "八代地区",
    "photo_no": "1392",
    "captured_at": "2026-07-29T13:10:54+09:00",
    "viewer_url": "https://saigai.gsi.go.jp/1/index_dmc.html?R8_kumamoto/0729yatsushiro_naname/naname/qv/1392.JPG&0.00deg",
    "thumbnail_url": "https://saigai.gsi.go.jp/1/R8_kumamoto/0729yatsushiro_naname/naname/qv/thumbnail/1392.JPG"
   }
  },
  {
   "type": "Feature",
   "geometry": {
    "type": "Point",
    "coordinates": [
     130.695,
     32.544167
    ]
   },
   "properties": {
    "district": "八代地区",
    "photo_no": "1393",
    "captured_at": "2026-07-29T13:11:00+09:00",
    "viewer_url": "https://saigai.gsi.go.jp/1/index_dmc.html?R8_kumamoto/0729yatsushiro_naname/naname/qv/1393.JPG&0.00deg",
    "thumbnail_url": "https://saigai.gsi.go.jp/1/R8_kumamoto/0729yatsushiro_naname/naname/qv/thumbnail/1393.JPG"
   }
  },
  {
   "type": "Feature",
   "geometry": {
    "type": "Point",
    "coordinates": [
     130.691389,
     32.540278
    ]
   },
   "properties": {
    "district": "八代地区",
    "photo_no": "1394",
    "captured_at": "2026-07-29T13:11:07+09:00",
    "viewer_url": "https://saigai.gsi.go.jp/1/index_dmc.html?R8_kumamoto/0729yatsushiro_naname/naname/qv/1394.JPG&0.00deg",
    "thumbnail_url": "https://saigai.gsi.go.jp/1/R8_kumamoto/0729yatsushiro_naname/naname/qv/thumbnail/1394.JPG"
   }
  },
  {
   "type": "Feature",
   "geometry": {
    "type": "Point",
    "coordinates": [
     130.688333,
     32.536667
    ]
   },
   "properties": {
    "district": "八代地区",
    "photo_no": "1395",
    "captured_at": "2026-07-29T13:11:13+09:00",
    "viewer_url": "https://saigai.gsi.go.jp/1/index_dmc.html?R8_kumamoto/0729yatsushiro_naname/naname/qv/1395.JPG&0.00deg",
    "thumbnail_url": "https://saigai.gsi.go.jp/1/R8_kumamoto/0729yatsushiro_naname/naname/qv/thumbnail/1395.JPG"
   }
  },
  {
   "type": "Feature",
   "geometry": {
    "type": "Point",
    "coordinates": [
     130.685278,
     32.533056
    ]
   },
   "properties": {
    "district": "八代地区",
    "photo_no": "1396",
    "captured_at": "2026-07-29T13:11:19+09:00",
    "viewer_url": "https://saigai.gsi.go.jp/1/index_dmc.html?R8_kumamoto/0729yatsushiro_naname/naname/qv/1396.JPG&0.00deg",
    "thumbnail_url": "https://saigai.gsi.go.jp/1/R8_kumamoto/0729yatsushiro_naname/naname/qv/thumbnail/1396.JPG"
   }
  },
  {
   "type": "Feature",
   "geometry": {
    "type": "Point",
    "coordinates": [
     130.683333,
     32.530833
    ]
   },
   "properties": {
    "district": "八代地区",
    "photo_no": "1397",
    "captured_at": "2026-07-29T13:11:23+09:00",
    "viewer_url": "https://saigai.gsi.go.jp/1/index_dmc.html?R8_kumamoto/0729yatsushiro_naname/naname/qv/1397.JPG&0.00deg",
    "thumbnail_url": "https://saigai.gsi.go.jp/1/R8_kumamoto/0729yatsushiro_naname/naname/qv/thumbnail/1397.JPG"
   }
  },
  {
   "type": "Feature",
   "geometry": {
    "type": "Point",
    "coordinates": [
     130.680556,
     32.527778
    ]
   },
   "properties": {
    "district": "八代地区",
    "photo_no": "1398",
    "captured_at": "2026-07-29T13:11:28+09:00",
    "viewer_url": "https://saigai.gsi.go.jp/1/index_dmc.html?R8_kumamoto/0729yatsushiro_naname/naname/qv/1398.JPG&0.00deg",
    "thumbnail_url": "https://saigai.gsi.go.jp/1/R8_kumamoto/0729yatsushiro_naname/naname/qv/thumbnail/1398.JPG"
   }
  },
  {
   "type": "Feature",
   "geometry": {
    "type": "Point",
    "coordinates": [
     130.6775,
     32.524444
    ]
   },
   "properties": {
    "district": "八代地区",
    "photo_no": "1399",
    "captured_at": "2026-07-29T13:11:34+09:00",
    "viewer_url": "https://saigai.gsi.go.jp/1/index_dmc.html?R8_kumamoto/0729yatsushiro_naname/naname/qv/1399.JPG&0.00deg",
    "thumbnail_url": "https://saigai.gsi.go.jp/1/R8_kumamoto/0729yatsushiro_naname/naname/qv/thumbnail/1399.JPG"
   }
  },
  {
   "type": "Feature",
   "geometry": {
    "type": "Point",
    "coordinates": [
     130.675,
     32.521389
    ]
   },
   "properties": {
    "district": "八代地区",
    "photo_no": "1400",
    "captured_at": "2026-07-29T13:11:40+09:00",
    "viewer_url": "https://saigai.gsi.go.jp/1/index_dmc.html?R8_kumamoto/0729yatsushiro_naname/naname/qv/1400.JPG&0.00deg",
    "thumbnail_url": "https://saigai.gsi.go.jp/1/R8_kumamoto/0729yatsushiro_naname/naname/qv/thumbnail/1400.JPG"
   }
  },
  {
   "type": "Feature",
   "geometry": {
    "type": "Point",
    "coordinates": [
     130.671944,
     32.518056
    ]
   },
   "properties": {
    "district": "八代地区",
    "photo_no": "1401",
    "captured_at": "2026-07-29T13:11:45+09:00",
    "viewer_url": "https://saigai.gsi.go.jp/1/index_dmc.html?R8_kumamoto/0729yatsushiro_naname/naname/qv/1401.JPG&0.00deg",
    "thumbnail_url": "https://saigai.gsi.go.jp/1/R8_kumamoto/0729yatsushiro_naname/naname/qv/thumbnail/1401.JPG"
   }
  },
  {
   "type": "Feature",
   "geometry": {
    "type": "Point",
    "coordinates": [
     130.669444,
     32.515
    ]
   },
   "properties": {
    "district": "八代地区",
    "photo_no": "1402",
    "captured_at": "2026-07-29T13:11:50+09:00",
    "viewer_url": "https://saigai.gsi.go.jp/1/index_dmc.html?R8_kumamoto/0729yatsushiro_naname/naname/qv/1402.JPG&0.00deg",
    "thumbnail_url": "https://saigai.gsi.go.jp/1/R8_kumamoto/0729yatsushiro_naname/naname/qv/thumbnail/1402.JPG"
   }
  },
  {
   "type": "Feature",
   "geometry": {
    "type": "Point",
    "coordinates": [
     130.666944,
     32.512222
    ]
   },
   "properties": {
    "district": "八代地区",
    "photo_no": "1403",
    "captured_at": "2026-07-29T13:11:56+09:00",
    "viewer_url": "https://saigai.gsi.go.jp/1/index_dmc.html?R8_kumamoto/0729yatsushiro_naname/naname/qv/1403.JPG&0.00deg",
    "thumbnail_url": "https://saigai.gsi.go.jp/1/R8_kumamoto/0729yatsushiro_naname/naname/qv/thumbnail/1403.JPG"
   }
  },
  {
   "type": "Feature",
   "geometry": {
    "type": "Point",
    "coordinates": [
     130.663889,
     32.508611
    ]
   },
   "properties": {
    "district": "八代地区",
    "photo_no": "1404",
    "captured_at": "2026-07-29T13:12:01+09:00",
    "viewer_url": "https://saigai.gsi.go.jp/1/index_dmc.html?R8_kumamoto/0729yatsushiro_naname/naname/qv/1404.JPG&0.00deg",
    "thumbnail_url": "https://saigai.gsi.go.jp/1/R8_kumamoto/0729yatsushiro_naname/naname/qv/thumbnail/1404.JPG"
   }
  },
  {
   "type": "Feature",
   "geometry": {
    "type": "Point",
    "coordinates": [
     130.660833,
     32.505
    ]
   },
   "properties": {
    "district": "八代地区",
    "photo_no": "1405",
    "captured_at": "2026-07-29T13:12:07+09:00",
    "viewer_url": "https://saigai.gsi.go.jp/1/index_dmc.html?R8_kumamoto/0729yatsushiro_naname/naname/qv/1405.JPG&0.00deg",
    "thumbnail_url": "https://saigai.gsi.go.jp/1/R8_kumamoto/0729yatsushiro_naname/naname/qv/thumbnail/1405.JPG"
   }
  },
  {
   "type": "Feature",
   "geometry": {
    "type": "Point",
    "coordinates": [
     130.658333,
     32.502222
    ]
   },
   "properties": {
    "district": "八代地区",
    "photo_no": "1406",
    "captured_at": "2026-07-29T13:12:12+09:00",
    "viewer_url": "https://saigai.gsi.go.jp/1/index_dmc.html?R8_kumamoto/0729yatsushiro_naname/naname/qv/1406.JPG&0.00deg",
    "thumbnail_url": "https://saigai.gsi.go.jp/1/R8_kumamoto/0729yatsushiro_naname/naname/qv/thumbnail/1406.JPG"
   }
  },
  {
   "type": "Feature",
   "geometry": {
    "type": "Point",
    "coordinates": [
     130.656667,
     32.500556
    ]
   },
   "properties": {
    "district": "八代地区",
    "photo_no": "1407",
    "captured_at": "2026-07-29T13:12:15+09:00",
    "viewer_url": "https://saigai.gsi.go.jp/1/index_dmc.html?R8_kumamoto/0729yatsushiro_naname/naname/qv/1407.JPG&0.00deg",
    "thumbnail_url": "https://saigai.gsi.go.jp/1/R8_kumamoto/0729yatsushiro_naname/naname/qv/thumbnail/1407.JPG"
   }
  },
  {
   "type": "Feature",
   "geometry": {
    "type": "Point",
    "coordinates": [
     130.654722,
     32.498333
    ]
   },
   "properties": {
    "district": "八代地区",
    "photo_no": "1408",
    "captured_at": "2026-07-29T13:12:19+09:00",
    "viewer_url": "https://saigai.gsi.go.jp/1/index_dmc.html?R8_kumamoto/0729yatsushiro_naname/naname/qv/1408.JPG&0.00deg",
    "thumbnail_url": "https://saigai.gsi.go.jp/1/R8_kumamoto/0729yatsushiro_naname/naname/qv/thumbnail/1408.JPG"
   }
  },
  {
   "type": "Feature",
   "geometry": {
    "type": "Point",
    "coordinates": [
     130.652222,
     32.495278
    ]
   },
   "properties": {
    "district": "八代地区",
    "photo_no": "1409",
    "captured_at": "2026-07-29T13:12:24+09:00",
    "viewer_url": "https://saigai.gsi.go.jp/1/index_dmc.html?R8_kumamoto/0729yatsushiro_naname/naname/qv/1409.JPG&0.00deg",
    "thumbnail_url": "https://saigai.gsi.go.jp/1/R8_kumamoto/0729yatsushiro_naname/naname/qv/thumbnail/1409.JPG"
   }
  },
  {
   "type": "Feature",
   "geometry": {
    "type": "Point",
    "coordinates": [
     130.649444,
     32.4925
    ]
   },
   "properties": {
    "district": "八代地区",
    "photo_no": "1410",
    "captured_at": "2026-07-29T13:12:30+09:00",
    "viewer_url": "https://saigai.gsi.go.jp/1/index_dmc.html?R8_kumamoto/0729yatsushiro_naname/naname/qv/1410.JPG&0.00deg",
    "thumbnail_url": "https://saigai.gsi.go.jp/1/R8_kumamoto/0729yatsushiro_naname/naname/qv/thumbnail/1410.JPG"
   }
  },
  {
   "type": "Feature",
   "geometry": {
    "type": "Point",
    "coordinates": [
     130.646389,
     32.488889
    ]
   },
   "properties": {
    "district": "八代地区",
    "photo_no": "1411",
    "captured_at": "2026-07-29T13:12:35+09:00",
    "viewer_url": "https://saigai.gsi.go.jp/1/index_dmc.html?R8_kumamoto/0729yatsushiro_naname/naname/qv/1411.JPG&0.00deg",
    "thumbnail_url": "https://saigai.gsi.go.jp/1/R8_kumamoto/0729yatsushiro_naname/naname/qv/thumbnail/1411.JPG"
   }
  },
  {
   "type": "Feature",
   "geometry": {
    "type": "Point",
    "coordinates": [
     130.643333,
     32.485556
    ]
   },
   "properties": {
    "district": "八代地区",
    "photo_no": "1412",
    "captured_at": "2026-07-29T13:12:41+09:00",
    "viewer_url": "https://saigai.gsi.go.jp/1/index_dmc.html?R8_kumamoto/0729yatsushiro_naname/naname/qv/1412.JPG&0.00deg",
    "thumbnail_url": "https://saigai.gsi.go.jp/1/R8_kumamoto/0729yatsushiro_naname/naname/qv/thumbnail/1412.JPG"
   }
  },
  {
   "type": "Feature",
   "geometry": {
    "type": "Point",
    "coordinates": [
     130.639722,
     32.481667
    ]
   },
   "properties": {
    "district": "八代地区",
    "photo_no": "1413",
    "captured_at": "2026-07-29T13:12:48+09:00",
    "viewer_url": "https://saigai.gsi.go.jp/1/index_dmc.html?R8_kumamoto/0729yatsushiro_naname/naname/qv/1413.JPG&0.00deg",
    "thumbnail_url": "https://saigai.gsi.go.jp/1/R8_kumamoto/0729yatsushiro_naname/naname/qv/thumbnail/1413.JPG"
   }
  },
  {
   "type": "Feature",
   "geometry": {
    "type": "Point",
    "coordinates": [
     130.637222,
     32.478611
    ]
   },
   "properties": {
    "district": "八代地区",
    "photo_no": "1414",
    "captured_at": "2026-07-29T13:12:53+09:00",
    "viewer_url": "https://saigai.gsi.go.jp/1/index_dmc.html?R8_kumamoto/0729yatsushiro_naname/naname/qv/1414.JPG&0.00deg",
    "thumbnail_url": "https://saigai.gsi.go.jp/1/R8_kumamoto/0729yatsushiro_naname/naname/qv/thumbnail/1414.JPG"
   }
  },
  {
   "type": "Feature",
   "geometry": {
    "type": "Point",
    "coordinates": [
     130.634167,
     32.475278
    ]
   },
   "properties": {
    "district": "八代地区",
    "photo_no": "1415",
    "captured_at": "2026-07-29T13:13:00+09:00",
    "viewer_url": "https://saigai.gsi.go.jp/1/index_dmc.html?R8_kumamoto/0729yatsushiro_naname/naname/qv/1415.JPG&0.00deg",
    "thumbnail_url": "https://saigai.gsi.go.jp/1/R8_kumamoto/0729yatsushiro_naname/naname/qv/thumbnail/1415.JPG"
   }
  },
  {
   "type": "Feature",
   "geometry": {
    "type": "Point",
    "coordinates": [
     130.631111,
     32.471944
    ]
   },
   "properties": {
    "district": "八代地区",
    "photo_no": "1416",
    "captured_at": "2026-07-29T13:13:05+09:00",
    "viewer_url": "https://saigai.gsi.go.jp/1/index_dmc.html?R8_kumamoto/0729yatsushiro_naname/naname/qv/1416.JPG&0.00deg",
    "thumbnail_url": "https://saigai.gsi.go.jp/1/R8_kumamoto/0729yatsushiro_naname/naname/qv/thumbnail/1416.JPG"
   }
  },
  {
   "type": "Feature",
   "geometry": {
    "type": "Point",
    "coordinates": [
     130.628611,
     32.468889
    ]
   },
   "properties": {
    "district": "八代地区",
    "photo_no": "1417",
    "captured_at": "2026-07-29T13:13:09+09:00",
    "viewer_url": "https://saigai.gsi.go.jp/1/index_dmc.html?R8_kumamoto/0729yatsushiro_naname/naname/qv/1417.JPG&0.00deg",
    "thumbnail_url": "https://saigai.gsi.go.jp/1/R8_kumamoto/0729yatsushiro_naname/naname/qv/thumbnail/1417.JPG"
   }
  },
  {
   "type": "Feature",
   "geometry": {
    "type": "Point",
    "coordinates": [
     130.626111,
     32.466111
    ]
   },
   "properties": {
    "district": "八代地区",
    "photo_no": "1418",
    "captured_at": "2026-07-29T13:13:15+09:00",
    "viewer_url": "https://saigai.gsi.go.jp/1/index_dmc.html?R8_kumamoto/0729yatsushiro_naname/naname/qv/1418.JPG&0.00deg",
    "thumbnail_url": "https://saigai.gsi.go.jp/1/R8_kumamoto/0729yatsushiro_naname/naname/qv/thumbnail/1418.JPG"
   }
  },
  {
   "type": "Feature",
   "geometry": {
    "type": "Point",
    "coordinates": [
     130.623611,
     32.463333
    ]
   },
   "properties": {
    "district": "八代地区",
    "photo_no": "1419",
    "captured_at": "2026-07-29T13:13:20+09:00",
    "viewer_url": "https://saigai.gsi.go.jp/1/index_dmc.html?R8_kumamoto/0729yatsushiro_naname/naname/qv/1419.JPG&0.00deg",
    "thumbnail_url": "https://saigai.gsi.go.jp/1/R8_kumamoto/0729yatsushiro_naname/naname/qv/thumbnail/1419.JPG"
   }
  },
  {
   "type": "Feature",
   "geometry": {
    "type": "Point",
    "coordinates": [
     130.620556,
     32.459722
    ]
   },
   "properties": {
    "district": "八代地区",
    "photo_no": "1420",
    "captured_at": "2026-07-29T13:13:26+09:00",
    "viewer_url": "https://saigai.gsi.go.jp/1/index_dmc.html?R8_kumamoto/0729yatsushiro_naname/naname/qv/1420.JPG&0.00deg",
    "thumbnail_url": "https://saigai.gsi.go.jp/1/R8_kumamoto/0729yatsushiro_naname/naname/qv/thumbnail/1420.JPG"
   }
  },
  {
   "type": "Feature",
   "geometry": {
    "type": "Point",
    "coordinates": [
     130.6175,
     32.456389
    ]
   },
   "properties": {
    "district": "八代地区",
    "photo_no": "1421",
    "captured_at": "2026-07-29T13:13:33+09:00",
    "viewer_url": "https://saigai.gsi.go.jp/1/index_dmc.html?R8_kumamoto/0729yatsushiro_naname/naname/qv/1421.JPG&0.00deg",
    "thumbnail_url": "https://saigai.gsi.go.jp/1/R8_kumamoto/0729yatsushiro_naname/naname/qv/thumbnail/1421.JPG"
   }
  },
  {
   "type": "Feature",
   "geometry": {
    "type": "Point",
    "coordinates": [
     130.615556,
     32.454167
    ]
   },
   "properties": {
    "district": "八代地区",
    "photo_no": "1422",
    "captured_at": "2026-07-29T13:13:37+09:00",
    "viewer_url": "https://saigai.gsi.go.jp/1/index_dmc.html?R8_kumamoto/0729yatsushiro_naname/naname/qv/1422.JPG&0.00deg",
    "thumbnail_url": "https://saigai.gsi.go.jp/1/R8_kumamoto/0729yatsushiro_naname/naname/qv/thumbnail/1422.JPG"
   }
  },
  {
   "type": "Feature",
   "geometry": {
    "type": "Point",
    "coordinates": [
     130.6125,
     32.450833
    ]
   },
   "properties": {
    "district": "八代地区",
    "photo_no": "1423",
    "captured_at": "2026-07-29T13:13:43+09:00",
    "viewer_url": "https://saigai.gsi.go.jp/1/index_dmc.html?R8_kumamoto/0729yatsushiro_naname/naname/qv/1423.JPG&0.00deg",
    "thumbnail_url": "https://saigai.gsi.go.jp/1/R8_kumamoto/0729yatsushiro_naname/naname/qv/thumbnail/1423.JPG"
   }
  },
  {
   "type": "Feature",
   "geometry": {
    "type": "Point",
    "coordinates": [
     130.610556,
     32.448611
    ]
   },
   "properties": {
    "district": "八代地区",
    "photo_no": "1424",
    "captured_at": "2026-07-29T13:13:47+09:00",
    "viewer_url": "https://saigai.gsi.go.jp/1/index_dmc.html?R8_kumamoto/0729yatsushiro_naname/naname/qv/1424.JPG&0.00deg",
    "thumbnail_url": "https://saigai.gsi.go.jp/1/R8_kumamoto/0729yatsushiro_naname/naname/qv/thumbnail/1424.JPG"
   }
  },
  {
   "type": "Feature",
   "geometry": {
    "type": "Point",
    "coordinates": [
     130.606944,
     32.444722
    ]
   },
   "properties": {
    "district": "八代地区",
    "photo_no": "1425",
    "captured_at": "2026-07-29T13:13:53+09:00",
    "viewer_url": "https://saigai.gsi.go.jp/1/index_dmc.html?R8_kumamoto/0729yatsushiro_naname/naname/qv/1425.JPG&0.00deg",
    "thumbnail_url": "https://saigai.gsi.go.jp/1/R8_kumamoto/0729yatsushiro_naname/naname/qv/thumbnail/1425.JPG"
   }
  },
  {
   "type": "Feature",
   "geometry": {
    "type": "Point",
    "coordinates": [
     130.603889,
     32.441111
    ]
   },
   "properties": {
    "district": "八代地区",
    "photo_no": "1426",
    "captured_at": "2026-07-29T13:13:59+09:00",
    "viewer_url": "https://saigai.gsi.go.jp/1/index_dmc.html?R8_kumamoto/0729yatsushiro_naname/naname/qv/1426.JPG&0.00deg",
    "thumbnail_url": "https://saigai.gsi.go.jp/1/R8_kumamoto/0729yatsushiro_naname/naname/qv/thumbnail/1426.JPG"
   }
  },
  {
   "type": "Feature",
   "geometry": {
    "type": "Point",
    "coordinates": [
     130.601667,
     32.438333
    ]
   },
   "properties": {
    "district": "八代地区",
    "photo_no": "1427",
    "captured_at": "2026-07-29T13:14:04+09:00",
    "viewer_url": "https://saigai.gsi.go.jp/1/index_dmc.html?R8_kumamoto/0729yatsushiro_naname/naname/qv/1427.JPG&0.00deg",
    "thumbnail_url": "https://saigai.gsi.go.jp/1/R8_kumamoto/0729yatsushiro_naname/naname/qv/thumbnail/1427.JPG"
   }
  },
  {
   "type": "Feature",
   "geometry": {
    "type": "Point",
    "coordinates": [
     130.599167,
     32.435278
    ]
   },
   "properties": {
    "district": "八代地区",
    "photo_no": "1428",
    "captured_at": "2026-07-29T13:14:10+09:00",
    "viewer_url": "https://saigai.gsi.go.jp/1/index_dmc.html?R8_kumamoto/0729yatsushiro_naname/naname/qv/1428.JPG&0.00deg",
    "thumbnail_url": "https://saigai.gsi.go.jp/1/R8_kumamoto/0729yatsushiro_naname/naname/qv/thumbnail/1428.JPG"
   }
  },
  {
   "type": "Feature",
   "geometry": {
    "type": "Point",
    "coordinates": [
     130.595556,
     32.431389
    ]
   },
   "properties": {
    "district": "八代地区",
    "photo_no": "1429",
    "captured_at": "2026-07-29T13:14:16+09:00",
    "viewer_url": "https://saigai.gsi.go.jp/1/index_dmc.html?R8_kumamoto/0729yatsushiro_naname/naname/qv/1429.JPG&0.00deg",
    "thumbnail_url": "https://saigai.gsi.go.jp/1/R8_kumamoto/0729yatsushiro_naname/naname/qv/thumbnail/1429.JPG"
   }
  },
  {
   "type": "Feature",
   "geometry": {
    "type": "Point",
    "coordinates": [
     130.593056,
     32.428333
    ]
   },
   "properties": {
    "district": "八代地区",
    "photo_no": "1430",
    "captured_at": "2026-07-29T13:14:21+09:00",
    "viewer_url": "https://saigai.gsi.go.jp/1/index_dmc.html?R8_kumamoto/0729yatsushiro_naname/naname/qv/1430.JPG&0.00deg",
    "thumbnail_url": "https://saigai.gsi.go.jp/1/R8_kumamoto/0729yatsushiro_naname/naname/qv/thumbnail/1430.JPG"
   }
  },
  {
   "type": "Feature",
   "geometry": {
    "type": "Point",
    "coordinates": [
     130.59,
     32.424722
    ]
   },
   "properties": {
    "district": "八代地区",
    "photo_no": "1431",
    "captured_at": "2026-07-29T13:14:27+09:00",
    "viewer_url": "https://saigai.gsi.go.jp/1/index_dmc.html?R8_kumamoto/0729yatsushiro_naname/naname/qv/1431.JPG&0.00deg",
    "thumbnail_url": "https://saigai.gsi.go.jp/1/R8_kumamoto/0729yatsushiro_naname/naname/qv/thumbnail/1431.JPG"
   }
  },
  {
   "type": "Feature",
   "geometry": {
    "type": "Point",
    "coordinates": [
     130.586389,
     32.420833
    ]
   },
   "properties": {
    "district": "八代地区",
    "photo_no": "1432",
    "captured_at": "2026-07-29T13:14:34+09:00",
    "viewer_url": "https://saigai.gsi.go.jp/1/index_dmc.html?R8_kumamoto/0729yatsushiro_naname/naname/qv/1432.JPG&0.00deg",
    "thumbnail_url": "https://saigai.gsi.go.jp/1/R8_kumamoto/0729yatsushiro_naname/naname/qv/thumbnail/1432.JPG"
   }
  },
  {
   "type": "Feature",
   "geometry": {
    "type": "Point",
    "coordinates": [
     130.583333,
     32.417222
    ]
   },
   "properties": {
    "district": "八代地区",
    "photo_no": "1433",
    "captured_at": "2026-07-29T13:14:40+09:00",
    "viewer_url": "https://saigai.gsi.go.jp/1/index_dmc.html?R8_kumamoto/0729yatsushiro_naname/naname/qv/1433.JPG&0.00deg",
    "thumbnail_url": "https://saigai.gsi.go.jp/1/R8_kumamoto/0729yatsushiro_naname/naname/qv/thumbnail/1433.JPG"
   }
  },
  {
   "type": "Feature",
   "geometry": {
    "type": "Point",
    "coordinates": [
     130.580556,
     32.414444
    ]
   },
   "properties": {
    "district": "八代地区",
    "photo_no": "1434",
    "captured_at": "2026-07-29T13:14:45+09:00",
    "viewer_url": "https://saigai.gsi.go.jp/1/index_dmc.html?R8_kumamoto/0729yatsushiro_naname/naname/qv/1434.JPG&0.00deg",
    "thumbnail_url": "https://saigai.gsi.go.jp/1/R8_kumamoto/0729yatsushiro_naname/naname/qv/thumbnail/1434.JPG"
   }
  },
  {
   "type": "Feature",
   "geometry": {
    "type": "Point",
    "coordinates": [
     130.578611,
     32.411944
    ]
   },
   "properties": {
    "district": "八代地区",
    "photo_no": "1435",
    "captured_at": "2026-07-29T13:14:49+09:00",
    "viewer_url": "https://saigai.gsi.go.jp/1/index_dmc.html?R8_kumamoto/0729yatsushiro_naname/naname/qv/1435.JPG&0.00deg",
    "thumbnail_url": "https://saigai.gsi.go.jp/1/R8_kumamoto/0729yatsushiro_naname/naname/qv/thumbnail/1435.JPG"
   }
  },
  {
   "type": "Feature",
   "geometry": {
    "type": "Point",
    "coordinates": [
     130.575833,
     32.409167
    ]
   },
   "properties": {
    "district": "八代地区",
    "photo_no": "1436",
    "captured_at": "2026-07-29T13:14:53+09:00",
    "viewer_url": "https://saigai.gsi.go.jp/1/index_dmc.html?R8_kumamoto/0729yatsushiro_naname/naname/qv/1436.JPG&0.00deg",
    "thumbnail_url": "https://saigai.gsi.go.jp/1/R8_kumamoto/0729yatsushiro_naname/naname/qv/thumbnail/1436.JPG"
   }
  },
  {
   "type": "Feature",
   "geometry": {
    "type": "Point",
    "coordinates": [
     130.573333,
     32.406111
    ]
   },
   "properties": {
    "district": "八代地区",
    "photo_no": "1437",
    "captured_at": "2026-07-29T13:14:59+09:00",
    "viewer_url": "https://saigai.gsi.go.jp/1/index_dmc.html?R8_kumamoto/0729yatsushiro_naname/naname/qv/1437.JPG&0.00deg",
    "thumbnail_url": "https://saigai.gsi.go.jp/1/R8_kumamoto/0729yatsushiro_naname/naname/qv/thumbnail/1437.JPG"
   }
  },
  {
   "type": "Feature",
   "geometry": {
    "type": "Point",
    "coordinates": [
     130.568611,
     32.401111
    ]
   },
   "properties": {
    "district": "八代地区",
    "photo_no": "1438",
    "captured_at": "2026-07-29T13:15:08+09:00",
    "viewer_url": "https://saigai.gsi.go.jp/1/index_dmc.html?R8_kumamoto/0729yatsushiro_naname/naname/qv/1438.JPG&0.00deg",
    "thumbnail_url": "https://saigai.gsi.go.jp/1/R8_kumamoto/0729yatsushiro_naname/naname/qv/thumbnail/1438.JPG"
   }
  },
  {
   "type": "Feature",
   "geometry": {
    "type": "Point",
    "coordinates": [
     130.565,
     32.396944
    ]
   },
   "properties": {
    "district": "八代地区",
    "photo_no": "1439",
    "captured_at": "2026-07-29T13:15:16+09:00",
    "viewer_url": "https://saigai.gsi.go.jp/1/index_dmc.html?R8_kumamoto/0729yatsushiro_naname/naname/qv/1439.JPG&0.00deg",
    "thumbnail_url": "https://saigai.gsi.go.jp/1/R8_kumamoto/0729yatsushiro_naname/naname/qv/thumbnail/1439.JPG"
   }
  },
  {
   "type": "Feature",
   "geometry": {
    "type": "Point",
    "coordinates": [
     130.561944,
     32.393333
    ]
   },
   "properties": {
    "district": "八代地区",
    "photo_no": "1440",
    "captured_at": "2026-07-29T13:15:21+09:00",
    "viewer_url": "https://saigai.gsi.go.jp/1/index_dmc.html?R8_kumamoto/0729yatsushiro_naname/naname/qv/1440.JPG&0.00deg",
    "thumbnail_url": "https://saigai.gsi.go.jp/1/R8_kumamoto/0729yatsushiro_naname/naname/qv/thumbnail/1440.JPG"
   }
  },
  {
   "type": "Feature",
   "geometry": {
    "type": "Point",
    "coordinates": [
     130.558333,
     32.389167
    ]
   },
   "properties": {
    "district": "八代地区",
    "photo_no": "1441",
    "captured_at": "2026-07-29T13:15:28+09:00",
    "viewer_url": "https://saigai.gsi.go.jp/1/index_dmc.html?R8_kumamoto/0729yatsushiro_naname/naname/qv/1441.JPG&0.00deg",
    "thumbnail_url": "https://saigai.gsi.go.jp/1/R8_kumamoto/0729yatsushiro_naname/naname/qv/thumbnail/1441.JPG"
   }
  },
  {
   "type": "Feature",
   "geometry": {
    "type": "Point",
    "coordinates": [
     130.556111,
     32.386667
    ]
   },
   "properties": {
    "district": "八代地区",
    "photo_no": "1442",
    "captured_at": "2026-07-29T13:15:32+09:00",
    "viewer_url": "https://saigai.gsi.go.jp/1/index_dmc.html?R8_kumamoto/0729yatsushiro_naname/naname/qv/1442.JPG&0.00deg",
    "thumbnail_url": "https://saigai.gsi.go.jp/1/R8_kumamoto/0729yatsushiro_naname/naname/qv/thumbnail/1442.JPG"
   }
  },
  {
   "type": "Feature",
   "geometry": {
    "type": "Point",
    "coordinates": [
     130.553611,
     32.383611
    ]
   },
   "properties": {
    "district": "八代地区",
    "photo_no": "1443",
    "captured_at": "2026-07-29T13:15:37+09:00",
    "viewer_url": "https://saigai.gsi.go.jp/1/index_dmc.html?R8_kumamoto/0729yatsushiro_naname/naname/qv/1443.JPG&0.00deg",
    "thumbnail_url": "https://saigai.gsi.go.jp/1/R8_kumamoto/0729yatsushiro_naname/naname/qv/thumbnail/1443.JPG"
   }
  },
  {
   "type": "Feature",
   "geometry": {
    "type": "Point",
    "coordinates": [
     130.550833,
     32.380833
    ]
   },
   "properties": {
    "district": "八代地区",
    "photo_no": "1444",
    "captured_at": "2026-07-29T13:15:43+09:00",
    "viewer_url": "https://saigai.gsi.go.jp/1/index_dmc.html?R8_kumamoto/0729yatsushiro_naname/naname/qv/1444.JPG&0.00deg",
    "thumbnail_url": "https://saigai.gsi.go.jp/1/R8_kumamoto/0729yatsushiro_naname/naname/qv/thumbnail/1444.JPG"
   }
  },
  {
   "type": "Feature",
   "geometry": {
    "type": "Point",
    "coordinates": [
     130.547778,
     32.377222
    ]
   },
   "properties": {
    "district": "八代地区",
    "photo_no": "1445",
    "captured_at": "2026-07-29T13:15:48+09:00",
    "viewer_url": "https://saigai.gsi.go.jp/1/index_dmc.html?R8_kumamoto/0729yatsushiro_naname/naname/qv/1445.JPG&0.00deg",
    "thumbnail_url": "https://saigai.gsi.go.jp/1/R8_kumamoto/0729yatsushiro_naname/naname/qv/thumbnail/1445.JPG"
   }
  },
  {
   "type": "Feature",
   "geometry": {
    "type": "Point",
    "coordinates": [
     130.545278,
     32.374167
    ]
   },
   "properties": {
    "district": "八代地区",
    "photo_no": "1446",
    "captured_at": "2026-07-29T13:15:52+09:00",
    "viewer_url": "https://saigai.gsi.go.jp/1/index_dmc.html?R8_kumamoto/0729yatsushiro_naname/naname/qv/1446.JPG&0.00deg",
    "thumbnail_url": "https://saigai.gsi.go.jp/1/R8_kumamoto/0729yatsushiro_naname/naname/qv/thumbnail/1446.JPG"
   }
  },
  {
   "type": "Feature",
   "geometry": {
    "type": "Point",
    "coordinates": [
     130.5425,
     32.371111
    ]
   },
   "properties": {
    "district": "八代地区",
    "photo_no": "1447",
    "captured_at": "2026-07-29T13:15:59+09:00",
    "viewer_url": "https://saigai.gsi.go.jp/1/index_dmc.html?R8_kumamoto/0729yatsushiro_naname/naname/qv/1447.JPG&0.00deg",
    "thumbnail_url": "https://saigai.gsi.go.jp/1/R8_kumamoto/0729yatsushiro_naname/naname/qv/thumbnail/1447.JPG"
   }
  },
  {
   "type": "Feature",
   "geometry": {
    "type": "Point",
    "coordinates": [
     130.54,
     32.368056
    ]
   },
   "properties": {
    "district": "八代地区",
    "photo_no": "1448",
    "captured_at": "2026-07-29T13:16:03+09:00",
    "viewer_url": "https://saigai.gsi.go.jp/1/index_dmc.html?R8_kumamoto/0729yatsushiro_naname/naname/qv/1448.JPG&0.00deg",
    "thumbnail_url": "https://saigai.gsi.go.jp/1/R8_kumamoto/0729yatsushiro_naname/naname/qv/thumbnail/1448.JPG"
   }
  },
  {
   "type": "Feature",
   "geometry": {
    "type": "Point",
    "coordinates": [
     130.537778,
     32.365833
    ]
   },
   "properties": {
    "district": "八代地区",
    "photo_no": "1449",
    "captured_at": "2026-07-29T13:16:07+09:00",
    "viewer_url": "https://saigai.gsi.go.jp/1/index_dmc.html?R8_kumamoto/0729yatsushiro_naname/naname/qv/1449.JPG&0.00deg",
    "thumbnail_url": "https://saigai.gsi.go.jp/1/R8_kumamoto/0729yatsushiro_naname/naname/qv/thumbnail/1449.JPG"
   }
  },
  {
   "type": "Feature",
   "geometry": {
    "type": "Point",
    "coordinates": [
     130.535278,
     32.362778
    ]
   },
   "properties": {
    "district": "八代地区",
    "photo_no": "1450",
    "captured_at": "2026-07-29T13:16:13+09:00",
    "viewer_url": "https://saigai.gsi.go.jp/1/index_dmc.html?R8_kumamoto/0729yatsushiro_naname/naname/qv/1450.JPG&0.00deg",
    "thumbnail_url": "https://saigai.gsi.go.jp/1/R8_kumamoto/0729yatsushiro_naname/naname/qv/thumbnail/1450.JPG"
   }
  },
  {
   "type": "Feature",
   "geometry": {
    "type": "Point",
    "coordinates": [
     130.532778,
     32.359722
    ]
   },
   "properties": {
    "district": "八代地区",
    "photo_no": "1451",
    "captured_at": "2026-07-29T13:16:17+09:00",
    "viewer_url": "https://saigai.gsi.go.jp/1/index_dmc.html?R8_kumamoto/0729yatsushiro_naname/naname/qv/1451.JPG&0.00deg",
    "thumbnail_url": "https://saigai.gsi.go.jp/1/R8_kumamoto/0729yatsushiro_naname/naname/qv/thumbnail/1451.JPG"
   }
  },
  {
   "type": "Feature",
   "geometry": {
    "type": "Point",
    "coordinates": [
     130.530556,
     32.357222
    ]
   },
   "properties": {
    "district": "八代地区",
    "photo_no": "1452",
    "captured_at": "2026-07-29T13:16:21+09:00",
    "viewer_url": "https://saigai.gsi.go.jp/1/index_dmc.html?R8_kumamoto/0729yatsushiro_naname/naname/qv/1452.JPG&0.00deg",
    "thumbnail_url": "https://saigai.gsi.go.jp/1/R8_kumamoto/0729yatsushiro_naname/naname/qv/thumbnail/1452.JPG"
   }
  },
  {
   "type": "Feature",
   "geometry": {
    "type": "Point",
    "coordinates": [
     130.528056,
     32.354167
    ]
   },
   "properties": {
    "district": "八代地区",
    "photo_no": "1453",
    "captured_at": "2026-07-29T13:16:26+09:00",
    "viewer_url": "https://saigai.gsi.go.jp/1/index_dmc.html?R8_kumamoto/0729yatsushiro_naname/naname/qv/1453.JPG&0.00deg",
    "thumbnail_url": "https://saigai.gsi.go.jp/1/R8_kumamoto/0729yatsushiro_naname/naname/qv/thumbnail/1453.JPG"
   }
  },
  {
   "type": "Feature",
   "geometry": {
    "type": "Point",
    "coordinates": [
     130.525278,
     32.351111
    ]
   },
   "properties": {
    "district": "八代地区",
    "photo_no": "1454",
    "captured_at": "2026-07-29T13:16:31+09:00",
    "viewer_url": "https://saigai.gsi.go.jp/1/index_dmc.html?R8_kumamoto/0729yatsushiro_naname/naname/qv/1454.JPG&0.00deg",
    "thumbnail_url": "https://saigai.gsi.go.jp/1/R8_kumamoto/0729yatsushiro_naname/naname/qv/thumbnail/1454.JPG"
   }
  },
  {
   "type": "Feature",
   "geometry": {
    "type": "Point",
    "coordinates": [
     130.522778,
     32.348333
    ]
   },
   "properties": {
    "district": "八代地区",
    "photo_no": "1455",
    "captured_at": "2026-07-29T13:16:36+09:00",
    "viewer_url": "https://saigai.gsi.go.jp/1/index_dmc.html?R8_kumamoto/0729yatsushiro_naname/naname/qv/1455.JPG&0.00deg",
    "thumbnail_url": "https://saigai.gsi.go.jp/1/R8_kumamoto/0729yatsushiro_naname/naname/qv/thumbnail/1455.JPG"
   }
  },
  {
   "type": "Feature",
   "geometry": {
    "type": "Point",
    "coordinates": [
     130.519444,
     32.344722
    ]
   },
   "properties": {
    "district": "八代地区",
    "photo_no": "1456",
    "captured_at": "2026-07-29T13:16:42+09:00",
    "viewer_url": "https://saigai.gsi.go.jp/1/index_dmc.html?R8_kumamoto/0729yatsushiro_naname/naname/qv/1456.JPG&0.00deg",
    "thumbnail_url": "https://saigai.gsi.go.jp/1/R8_kumamoto/0729yatsushiro_naname/naname/qv/thumbnail/1456.JPG"
   }
  },
  {
   "type": "Feature",
   "geometry": {
    "type": "Point",
    "coordinates": [
     130.516667,
     32.341667
    ]
   },
   "properties": {
    "district": "八代地区",
    "photo_no": "1457",
    "captured_at": "2026-07-29T13:16:48+09:00",
    "viewer_url": "https://saigai.gsi.go.jp/1/index_dmc.html?R8_kumamoto/0729yatsushiro_naname/naname/qv/1457.JPG&0.00deg",
    "thumbnail_url": "https://saigai.gsi.go.jp/1/R8_kumamoto/0729yatsushiro_naname/naname/qv/thumbnail/1457.JPG"
   }
  },
  {
   "type": "Feature",
   "geometry": {
    "type": "Point",
    "coordinates": [
     130.513611,
     32.338056
    ]
   },
   "properties": {
    "district": "八代地区",
    "photo_no": "1458",
    "captured_at": "2026-07-29T13:16:54+09:00",
    "viewer_url": "https://saigai.gsi.go.jp/1/index_dmc.html?R8_kumamoto/0729yatsushiro_naname/naname/qv/1458.JPG&0.00deg",
    "thumbnail_url": "https://saigai.gsi.go.jp/1/R8_kumamoto/0729yatsushiro_naname/naname/qv/thumbnail/1458.JPG"
   }
  },
  {
   "type": "Feature",
   "geometry": {
    "type": "Point",
    "coordinates": [
     130.510556,
     32.334444
    ]
   },
   "properties": {
    "district": "八代地区",
    "photo_no": "1459",
    "captured_at": "2026-07-29T13:16:58+09:00",
    "viewer_url": "https://saigai.gsi.go.jp/1/index_dmc.html?R8_kumamoto/0729yatsushiro_naname/naname/qv/1459.JPG&0.00deg",
    "thumbnail_url": "https://saigai.gsi.go.jp/1/R8_kumamoto/0729yatsushiro_naname/naname/qv/thumbnail/1459.JPG"
   }
  },
  {
   "type": "Feature",
   "geometry": {
    "type": "Point",
    "coordinates": [
     130.507778,
     32.331667
    ]
   },
   "properties": {
    "district": "八代地区",
    "photo_no": "1460",
    "captured_at": "2026-07-29T13:17:04+09:00",
    "viewer_url": "https://saigai.gsi.go.jp/1/index_dmc.html?R8_kumamoto/0729yatsushiro_naname/naname/qv/1460.JPG&0.00deg",
    "thumbnail_url": "https://saigai.gsi.go.jp/1/R8_kumamoto/0729yatsushiro_naname/naname/qv/thumbnail/1460.JPG"
   }
  },
  {
   "type": "Feature",
   "geometry": {
    "type": "Point",
    "coordinates": [
     130.504722,
     32.328056
    ]
   },
   "properties": {
    "district": "八代地区",
    "photo_no": "1461",
    "captured_at": "2026-07-29T13:17:10+09:00",
    "viewer_url": "https://saigai.gsi.go.jp/1/index_dmc.html?R8_kumamoto/0729yatsushiro_naname/naname/qv/1461.JPG&0.00deg",
    "thumbnail_url": "https://saigai.gsi.go.jp/1/R8_kumamoto/0729yatsushiro_naname/naname/qv/thumbnail/1461.JPG"
   }
  },
  {
   "type": "Feature",
   "geometry": {
    "type": "Point",
    "coordinates": [
     130.501667,
     32.324444
    ]
   },
   "properties": {
    "district": "八代地区",
    "photo_no": "1462",
    "captured_at": "2026-07-29T13:17:16+09:00",
    "viewer_url": "https://saigai.gsi.go.jp/1/index_dmc.html?R8_kumamoto/0729yatsushiro_naname/naname/qv/1462.JPG&0.00deg",
    "thumbnail_url": "https://saigai.gsi.go.jp/1/R8_kumamoto/0729yatsushiro_naname/naname/qv/thumbnail/1462.JPG"
   }
  },
  {
   "type": "Feature",
   "geometry": {
    "type": "Point",
    "coordinates": [
     130.498333,
     32.320833
    ]
   },
   "properties": {
    "district": "八代地区",
    "photo_no": "1463",
    "captured_at": "2026-07-29T13:17:23+09:00",
    "viewer_url": "https://saigai.gsi.go.jp/1/index_dmc.html?R8_kumamoto/0729yatsushiro_naname/naname/qv/1463.JPG&0.00deg",
    "thumbnail_url": "https://saigai.gsi.go.jp/1/R8_kumamoto/0729yatsushiro_naname/naname/qv/thumbnail/1463.JPG"
   }
  },
  {
   "type": "Feature",
   "geometry": {
    "type": "Point",
    "coordinates": [
     130.495278,
     32.317222
    ]
   },
   "properties": {
    "district": "八代地区",
    "photo_no": "1464",
    "captured_at": "2026-07-29T13:17:29+09:00",
    "viewer_url": "https://saigai.gsi.go.jp/1/index_dmc.html?R8_kumamoto/0729yatsushiro_naname/naname/qv/1464.JPG&0.00deg",
    "thumbnail_url": "https://saigai.gsi.go.jp/1/R8_kumamoto/0729yatsushiro_naname/naname/qv/thumbnail/1464.JPG"
   }
  },
  {
   "type": "Feature",
   "geometry": {
    "type": "Point",
    "coordinates": [
     130.491667,
     32.313056
    ]
   },
   "properties": {
    "district": "八代地区",
    "photo_no": "1465",
    "captured_at": "2026-07-29T13:17:35+09:00",
    "viewer_url": "https://saigai.gsi.go.jp/1/index_dmc.html?R8_kumamoto/0729yatsushiro_naname/naname/qv/1465.JPG&0.00deg",
    "thumbnail_url": "https://saigai.gsi.go.jp/1/R8_kumamoto/0729yatsushiro_naname/naname/qv/thumbnail/1465.JPG"
   }
  },
  {
   "type": "Feature",
   "geometry": {
    "type": "Point",
    "coordinates": [
     130.488611,
     32.309444
    ]
   },
   "properties": {
    "district": "八代地区",
    "photo_no": "1466",
    "captured_at": "2026-07-29T13:17:41+09:00",
    "viewer_url": "https://saigai.gsi.go.jp/1/index_dmc.html?R8_kumamoto/0729yatsushiro_naname/naname/qv/1466.JPG&0.00deg",
    "thumbnail_url": "https://saigai.gsi.go.jp/1/R8_kumamoto/0729yatsushiro_naname/naname/qv/thumbnail/1466.JPG"
   }
  },
  {
   "type": "Feature",
   "geometry": {
    "type": "Point",
    "coordinates": [
     130.485556,
     32.306111
    ]
   },
   "properties": {
    "district": "八代地区",
    "photo_no": "1467",
    "captured_at": "2026-07-29T13:17:47+09:00",
    "viewer_url": "https://saigai.gsi.go.jp/1/index_dmc.html?R8_kumamoto/0729yatsushiro_naname/naname/qv/1467.JPG&0.00deg",
    "thumbnail_url": "https://saigai.gsi.go.jp/1/R8_kumamoto/0729yatsushiro_naname/naname/qv/thumbnail/1467.JPG"
   }
  },
  {
   "type": "Feature",
   "geometry": {
    "type": "Point",
    "coordinates": [
     130.482222,
     32.3025
    ]
   },
   "properties": {
    "district": "八代地区",
    "photo_no": "1468",
    "captured_at": "2026-07-29T13:17:53+09:00",
    "viewer_url": "https://saigai.gsi.go.jp/1/index_dmc.html?R8_kumamoto/0729yatsushiro_naname/naname/qv/1468.JPG&0.00deg",
    "thumbnail_url": "https://saigai.gsi.go.jp/1/R8_kumamoto/0729yatsushiro_naname/naname/qv/thumbnail/1468.JPG"
   }
  },
  {
   "type": "Feature",
   "geometry": {
    "type": "Point",
    "coordinates": [
     130.479722,
     32.299444
    ]
   },
   "properties": {
    "district": "八代地区",
    "photo_no": "1469",
    "captured_at": "2026-07-29T13:17:59+09:00",
    "viewer_url": "https://saigai.gsi.go.jp/1/index_dmc.html?R8_kumamoto/0729yatsushiro_naname/naname/qv/1469.JPG&0.00deg",
    "thumbnail_url": "https://saigai.gsi.go.jp/1/R8_kumamoto/0729yatsushiro_naname/naname/qv/thumbnail/1469.JPG"
   }
  },
  {
   "type": "Feature",
   "geometry": {
    "type": "Point",
    "coordinates": [
     130.476667,
     32.296111
    ]
   },
   "properties": {
    "district": "八代地区",
    "photo_no": "1470",
    "captured_at": "2026-07-29T13:18:04+09:00",
    "viewer_url": "https://saigai.gsi.go.jp/1/index_dmc.html?R8_kumamoto/0729yatsushiro_naname/naname/qv/1470.JPG&0.00deg",
    "thumbnail_url": "https://saigai.gsi.go.jp/1/R8_kumamoto/0729yatsushiro_naname/naname/qv/thumbnail/1470.JPG"
   }
  },
  {
   "type": "Feature",
   "geometry": {
    "type": "Point",
    "coordinates": [
     130.472778,
     32.291944
    ]
   },
   "properties": {
    "district": "八代地区",
    "photo_no": "1471",
    "captured_at": "2026-07-29T13:18:11+09:00",
    "viewer_url": "https://saigai.gsi.go.jp/1/index_dmc.html?R8_kumamoto/0729yatsushiro_naname/naname/qv/1471.JPG&0.00deg",
    "thumbnail_url": "https://saigai.gsi.go.jp/1/R8_kumamoto/0729yatsushiro_naname/naname/qv/thumbnail/1471.JPG"
   }
  },
  {
   "type": "Feature",
   "geometry": {
    "type": "Point",
    "coordinates": [
     130.468611,
     32.287222
    ]
   },
   "properties": {
    "district": "八代地区",
    "photo_no": "1472",
    "captured_at": "2026-07-29T13:18:19+09:00",
    "viewer_url": "https://saigai.gsi.go.jp/1/index_dmc.html?R8_kumamoto/0729yatsushiro_naname/naname/qv/1472.JPG&0.00deg",
    "thumbnail_url": "https://saigai.gsi.go.jp/1/R8_kumamoto/0729yatsushiro_naname/naname/qv/thumbnail/1472.JPG"
   }
  },
  {
   "type": "Feature",
   "geometry": {
    "type": "Point",
    "coordinates": [
     130.466111,
     32.284444
    ]
   },
   "properties": {
    "district": "八代地区",
    "photo_no": "1473",
    "captured_at": "2026-07-29T13:18:25+09:00",
    "viewer_url": "https://saigai.gsi.go.jp/1/index_dmc.html?R8_kumamoto/0729yatsushiro_naname/naname/qv/1473.JPG&0.00deg",
    "thumbnail_url": "https://saigai.gsi.go.jp/1/R8_kumamoto/0729yatsushiro_naname/naname/qv/thumbnail/1473.JPG"
   }
  },
  {
   "type": "Feature",
   "geometry": {
    "type": "Point",
    "coordinates": [
     130.459167,
     32.299722
    ]
   },
   "properties": {
    "district": "八代地区",
    "photo_no": "1307",
    "captured_at": "2026-07-29T12:57:16+09:00",
    "viewer_url": "https://saigai.gsi.go.jp/1/index_dmc.html?R8_kumamoto/0729yatsushiro_naname/naname/qv/1307.JPG&0.00deg",
    "thumbnail_url": "https://saigai.gsi.go.jp/1/R8_kumamoto/0729yatsushiro_naname/naname/qv/thumbnail/1307.JPG"
   }
  },
  {
   "type": "Feature",
   "geometry": {
    "type": "Point",
    "coordinates": [
     130.462778,
     32.303889
    ]
   },
   "properties": {
    "district": "八代地区",
    "photo_no": "1308",
    "captured_at": "2026-07-29T12:57:24+09:00",
    "viewer_url": "https://saigai.gsi.go.jp/1/index_dmc.html?R8_kumamoto/0729yatsushiro_naname/naname/qv/1308.JPG&0.00deg",
    "thumbnail_url": "https://saigai.gsi.go.jp/1/R8_kumamoto/0729yatsushiro_naname/naname/qv/thumbnail/1308.JPG"
   }
  },
  {
   "type": "Feature",
   "geometry": {
    "type": "Point",
    "coordinates": [
     130.465833,
     32.3075
    ]
   },
   "properties": {
    "district": "八代地区",
    "photo_no": "1309",
    "captured_at": "2026-07-29T12:57:31+09:00",
    "viewer_url": "https://saigai.gsi.go.jp/1/index_dmc.html?R8_kumamoto/0729yatsushiro_naname/naname/qv/1309.JPG&0.00deg",
    "thumbnail_url": "https://saigai.gsi.go.jp/1/R8_kumamoto/0729yatsushiro_naname/naname/qv/thumbnail/1309.JPG"
   }
  },
  {
   "type": "Feature",
   "geometry": {
    "type": "Point",
    "coordinates": [
     130.47,
     32.312222
    ]
   },
   "properties": {
    "district": "八代地区",
    "photo_no": "1310",
    "captured_at": "2026-07-29T12:57:41+09:00",
    "viewer_url": "https://saigai.gsi.go.jp/1/index_dmc.html?R8_kumamoto/0729yatsushiro_naname/naname/qv/1310.JPG&0.00deg",
    "thumbnail_url": "https://saigai.gsi.go.jp/1/R8_kumamoto/0729yatsushiro_naname/naname/qv/thumbnail/1310.JPG"
   }
  },
  {
   "type": "Feature",
   "geometry": {
    "type": "Point",
    "coordinates": [
     130.473611,
     32.316389
    ]
   },
   "properties": {
    "district": "八代地区",
    "photo_no": "1311",
    "captured_at": "2026-07-29T12:57:48+09:00",
    "viewer_url": "https://saigai.gsi.go.jp/1/index_dmc.html?R8_kumamoto/0729yatsushiro_naname/naname/qv/1311.JPG&0.00deg",
    "thumbnail_url": "https://saigai.gsi.go.jp/1/R8_kumamoto/0729yatsushiro_naname/naname/qv/thumbnail/1311.JPG"
   }
  },
  {
   "type": "Feature",
   "geometry": {
    "type": "Point",
    "coordinates": [
     130.475833,
     32.318889
    ]
   },
   "properties": {
    "district": "八代地区",
    "photo_no": "1312",
    "captured_at": "2026-07-29T12:57:54+09:00",
    "viewer_url": "https://saigai.gsi.go.jp/1/index_dmc.html?R8_kumamoto/0729yatsushiro_naname/naname/qv/1312.JPG&0.00deg",
    "thumbnail_url": "https://saigai.gsi.go.jp/1/R8_kumamoto/0729yatsushiro_naname/naname/qv/thumbnail/1312.JPG"
   }
  },
  {
   "type": "Feature",
   "geometry": {
    "type": "Point",
    "coordinates": [
     130.479167,
     32.3225
    ]
   },
   "properties": {
    "district": "八代地区",
    "photo_no": "1313",
    "captured_at": "2026-07-29T12:58:00+09:00",
    "viewer_url": "https://saigai.gsi.go.jp/1/index_dmc.html?R8_kumamoto/0729yatsushiro_naname/naname/qv/1313.JPG&0.00deg",
    "thumbnail_url": "https://saigai.gsi.go.jp/1/R8_kumamoto/0729yatsushiro_naname/naname/qv/thumbnail/1313.JPG"
   }
  },
  {
   "type": "Feature",
   "geometry": {
    "type": "Point",
    "coordinates": [
     130.481389,
     32.325278
    ]
   },
   "properties": {
    "district": "八代地区",
    "photo_no": "1314",
    "captured_at": "2026-07-29T12:58:06+09:00",
    "viewer_url": "https://saigai.gsi.go.jp/1/index_dmc.html?R8_kumamoto/0729yatsushiro_naname/naname/qv/1314.JPG&0.00deg",
    "thumbnail_url": "https://saigai.gsi.go.jp/1/R8_kumamoto/0729yatsushiro_naname/naname/qv/thumbnail/1314.JPG"
   }
  },
  {
   "type": "Feature",
   "geometry": {
    "type": "Point",
    "coordinates": [
     130.483889,
     32.328333
    ]
   },
   "properties": {
    "district": "八代地区",
    "photo_no": "1315",
    "captured_at": "2026-07-29T12:58:11+09:00",
    "viewer_url": "https://saigai.gsi.go.jp/1/index_dmc.html?R8_kumamoto/0729yatsushiro_naname/naname/qv/1315.JPG&0.00deg",
    "thumbnail_url": "https://saigai.gsi.go.jp/1/R8_kumamoto/0729yatsushiro_naname/naname/qv/thumbnail/1315.JPG"
   }
  },
  {
   "type": "Feature",
   "geometry": {
    "type": "Point",
    "coordinates": [
     130.487222,
     32.331944
    ]
   },
   "properties": {
    "district": "八代地区",
    "photo_no": "1316",
    "captured_at": "2026-07-29T12:58:18+09:00",
    "viewer_url": "https://saigai.gsi.go.jp/1/index_dmc.html?R8_kumamoto/0729yatsushiro_naname/naname/qv/1316.JPG&0.00deg",
    "thumbnail_url": "https://saigai.gsi.go.jp/1/R8_kumamoto/0729yatsushiro_naname/naname/qv/thumbnail/1316.JPG"
   }
  },
  {
   "type": "Feature",
   "geometry": {
    "type": "Point",
    "coordinates": [
     130.490278,
     32.335833
    ]
   },
   "properties": {
    "district": "八代地区",
    "photo_no": "1317",
    "captured_at": "2026-07-29T12:58:26+09:00",
    "viewer_url": "https://saigai.gsi.go.jp/1/index_dmc.html?R8_kumamoto/0729yatsushiro_naname/naname/qv/1317.JPG&0.00deg",
    "thumbnail_url": "https://saigai.gsi.go.jp/1/R8_kumamoto/0729yatsushiro_naname/naname/qv/thumbnail/1317.JPG"
   }
  },
  {
   "type": "Feature",
   "geometry": {
    "type": "Point",
    "coordinates": [
     130.493611,
     32.339444
    ]
   },
   "properties": {
    "district": "八代地区",
    "photo_no": "1318",
    "captured_at": "2026-07-29T12:58:32+09:00",
    "viewer_url": "https://saigai.gsi.go.jp/1/index_dmc.html?R8_kumamoto/0729yatsushiro_naname/naname/qv/1318.JPG&0.00deg",
    "thumbnail_url": "https://saigai.gsi.go.jp/1/R8_kumamoto/0729yatsushiro_naname/naname/qv/thumbnail/1318.JPG"
   }
  },
  {
   "type": "Feature",
   "geometry": {
    "type": "Point",
    "coordinates": [
     130.496389,
     32.3425
    ]
   },
   "properties": {
    "district": "八代地区",
    "photo_no": "1319",
    "captured_at": "2026-07-29T12:58:39+09:00",
    "viewer_url": "https://saigai.gsi.go.jp/1/index_dmc.html?R8_kumamoto/0729yatsushiro_naname/naname/qv/1319.JPG&0.00deg",
    "thumbnail_url": "https://saigai.gsi.go.jp/1/R8_kumamoto/0729yatsushiro_naname/naname/qv/thumbnail/1319.JPG"
   }
  },
  {
   "type": "Feature",
   "geometry": {
    "type": "Point",
    "coordinates": [
     130.499444,
     32.346111
    ]
   },
   "properties": {
    "district": "八代地区",
    "photo_no": "1320",
    "captured_at": "2026-07-29T12:58:45+09:00",
    "viewer_url": "https://saigai.gsi.go.jp/1/index_dmc.html?R8_kumamoto/0729yatsushiro_naname/naname/qv/1320.JPG&0.00deg",
    "thumbnail_url": "https://saigai.gsi.go.jp/1/R8_kumamoto/0729yatsushiro_naname/naname/qv/thumbnail/1320.JPG"
   }
  },
  {
   "type": "Feature",
   "geometry": {
    "type": "Point",
    "coordinates": [
     130.501944,
     32.348611
    ]
   },
   "properties": {
    "district": "八代地区",
    "photo_no": "1321",
    "captured_at": "2026-07-29T12:58:50+09:00",
    "viewer_url": "https://saigai.gsi.go.jp/1/index_dmc.html?R8_kumamoto/0729yatsushiro_naname/naname/qv/1321.JPG&0.00deg",
    "thumbnail_url": "https://saigai.gsi.go.jp/1/R8_kumamoto/0729yatsushiro_naname/naname/qv/thumbnail/1321.JPG"
   }
  },
  {
   "type": "Feature",
   "geometry": {
    "type": "Point",
    "coordinates": [
     130.504722,
     32.351944
    ]
   },
   "properties": {
    "district": "八代地区",
    "photo_no": "1322",
    "captured_at": "2026-07-29T12:58:56+09:00",
    "viewer_url": "https://saigai.gsi.go.jp/1/index_dmc.html?R8_kumamoto/0729yatsushiro_naname/naname/qv/1322.JPG&0.00deg",
    "thumbnail_url": "https://saigai.gsi.go.jp/1/R8_kumamoto/0729yatsushiro_naname/naname/qv/thumbnail/1322.JPG"
   }
  },
  {
   "type": "Feature",
   "geometry": {
    "type": "Point",
    "coordinates": [
     130.506944,
     32.354444
    ]
   },
   "properties": {
    "district": "八代地区",
    "photo_no": "1323",
    "captured_at": "2026-07-29T12:59:01+09:00",
    "viewer_url": "https://saigai.gsi.go.jp/1/index_dmc.html?R8_kumamoto/0729yatsushiro_naname/naname/qv/1323.JPG&0.00deg",
    "thumbnail_url": "https://saigai.gsi.go.jp/1/R8_kumamoto/0729yatsushiro_naname/naname/qv/thumbnail/1323.JPG"
   }
  },
  {
   "type": "Feature",
   "geometry": {
    "type": "Point",
    "coordinates": [
     130.509444,
     32.356944
    ]
   },
   "properties": {
    "district": "八代地区",
    "photo_no": "1324",
    "captured_at": "2026-07-29T12:59:07+09:00",
    "viewer_url": "https://saigai.gsi.go.jp/1/index_dmc.html?R8_kumamoto/0729yatsushiro_naname/naname/qv/1324.JPG&0.00deg",
    "thumbnail_url": "https://saigai.gsi.go.jp/1/R8_kumamoto/0729yatsushiro_naname/naname/qv/thumbnail/1324.JPG"
   }
  },
  {
   "type": "Feature",
   "geometry": {
    "type": "Point",
    "coordinates": [
     130.512778,
     32.360833
    ]
   },
   "properties": {
    "district": "八代地区",
    "photo_no": "1325",
    "captured_at": "2026-07-29T12:59:13+09:00",
    "viewer_url": "https://saigai.gsi.go.jp/1/index_dmc.html?R8_kumamoto/0729yatsushiro_naname/naname/qv/1325.JPG&0.00deg",
    "thumbnail_url": "https://saigai.gsi.go.jp/1/R8_kumamoto/0729yatsushiro_naname/naname/qv/thumbnail/1325.JPG"
   }
  },
  {
   "type": "Feature",
   "geometry": {
    "type": "Point",
    "coordinates": [
     130.515,
     32.363333
    ]
   },
   "properties": {
    "district": "八代地区",
    "photo_no": "1326",
    "captured_at": "2026-07-29T12:59:19+09:00",
    "viewer_url": "https://saigai.gsi.go.jp/1/index_dmc.html?R8_kumamoto/0729yatsushiro_naname/naname/qv/1326.JPG&0.00deg",
    "thumbnail_url": "https://saigai.gsi.go.jp/1/R8_kumamoto/0729yatsushiro_naname/naname/qv/thumbnail/1326.JPG"
   }
  },
  {
   "type": "Feature",
   "geometry": {
    "type": "Point",
    "coordinates": [
     130.517778,
     32.366667
    ]
   },
   "properties": {
    "district": "八代地区",
    "photo_no": "1327",
    "captured_at": "2026-07-29T12:59:25+09:00",
    "viewer_url": "https://saigai.gsi.go.jp/1/index_dmc.html?R8_kumamoto/0729yatsushiro_naname/naname/qv/1327.JPG&0.00deg",
    "thumbnail_url": "https://saigai.gsi.go.jp/1/R8_kumamoto/0729yatsushiro_naname/naname/qv/thumbnail/1327.JPG"
   }
  },
  {
   "type": "Feature",
   "geometry": {
    "type": "Point",
    "coordinates": [
     130.520833,
     32.370278
    ]
   },
   "properties": {
    "district": "八代地区",
    "photo_no": "1328",
    "captured_at": "2026-07-29T12:59:32+09:00",
    "viewer_url": "https://saigai.gsi.go.jp/1/index_dmc.html?R8_kumamoto/0729yatsushiro_naname/naname/qv/1328.JPG&0.00deg",
    "thumbnail_url": "https://saigai.gsi.go.jp/1/R8_kumamoto/0729yatsushiro_naname/naname/qv/thumbnail/1328.JPG"
   }
  },
  {
   "type": "Feature",
   "geometry": {
    "type": "Point",
    "coordinates": [
     130.524444,
     32.374444
    ]
   },
   "properties": {
    "district": "八代地区",
    "photo_no": "1329",
    "captured_at": "2026-07-29T12:59:39+09:00",
    "viewer_url": "https://saigai.gsi.go.jp/1/index_dmc.html?R8_kumamoto/0729yatsushiro_naname/naname/qv/1329.JPG&0.00deg",
    "thumbnail_url": "https://saigai.gsi.go.jp/1/R8_kumamoto/0729yatsushiro_naname/naname/qv/thumbnail/1329.JPG"
   }
  },
  {
   "type": "Feature",
   "geometry": {
    "type": "Point",
    "coordinates": [
     130.526389,
     32.376667
    ]
   },
   "properties": {
    "district": "八代地区",
    "photo_no": "1330",
    "captured_at": "2026-07-29T12:59:43+09:00",
    "viewer_url": "https://saigai.gsi.go.jp/1/index_dmc.html?R8_kumamoto/0729yatsushiro_naname/naname/qv/1330.JPG&0.00deg",
    "thumbnail_url": "https://saigai.gsi.go.jp/1/R8_kumamoto/0729yatsushiro_naname/naname/qv/thumbnail/1330.JPG"
   }
  },
  {
   "type": "Feature",
   "geometry": {
    "type": "Point",
    "coordinates": [
     130.528611,
     32.379167
    ]
   },
   "properties": {
    "district": "八代地区",
    "photo_no": "1331",
    "captured_at": "2026-07-29T12:59:49+09:00",
    "viewer_url": "https://saigai.gsi.go.jp/1/index_dmc.html?R8_kumamoto/0729yatsushiro_naname/naname/qv/1331.JPG&0.00deg",
    "thumbnail_url": "https://saigai.gsi.go.jp/1/R8_kumamoto/0729yatsushiro_naname/naname/qv/thumbnail/1331.JPG"
   }
  },
  {
   "type": "Feature",
   "geometry": {
    "type": "Point",
    "coordinates": [
     130.531389,
     32.3825
    ]
   },
   "properties": {
    "district": "八代地区",
    "photo_no": "1332",
    "captured_at": "2026-07-29T12:59:54+09:00",
    "viewer_url": "https://saigai.gsi.go.jp/1/index_dmc.html?R8_kumamoto/0729yatsushiro_naname/naname/qv/1332.JPG&0.00deg",
    "thumbnail_url": "https://saigai.gsi.go.jp/1/R8_kumamoto/0729yatsushiro_naname/naname/qv/thumbnail/1332.JPG"
   }
  },
  {
   "type": "Feature",
   "geometry": {
    "type": "Point",
    "coordinates": [
     130.535,
     32.386667
    ]
   },
   "properties": {
    "district": "八代地区",
    "photo_no": "1333",
    "captured_at": "2026-07-29T13:00:02+09:00",
    "viewer_url": "https://saigai.gsi.go.jp/1/index_dmc.html?R8_kumamoto/0729yatsushiro_naname/naname/qv/1333.JPG&0.00deg",
    "thumbnail_url": "https://saigai.gsi.go.jp/1/R8_kumamoto/0729yatsushiro_naname/naname/qv/thumbnail/1333.JPG"
   }
  },
  {
   "type": "Feature",
   "geometry": {
    "type": "Point",
    "coordinates": [
     130.536944,
     32.388611
    ]
   },
   "properties": {
    "district": "八代地区",
    "photo_no": "1334",
    "captured_at": "2026-07-29T13:00:05+09:00",
    "viewer_url": "https://saigai.gsi.go.jp/1/index_dmc.html?R8_kumamoto/0729yatsushiro_naname/naname/qv/1334.JPG&0.00deg",
    "thumbnail_url": "https://saigai.gsi.go.jp/1/R8_kumamoto/0729yatsushiro_naname/naname/qv/thumbnail/1334.JPG"
   }
  },
  {
   "type": "Feature",
   "geometry": {
    "type": "Point",
    "coordinates": [
     130.540833,
     32.393056
    ]
   },
   "properties": {
    "district": "八代地区",
    "photo_no": "1335",
    "captured_at": "2026-07-29T13:00:14+09:00",
    "viewer_url": "https://saigai.gsi.go.jp/1/index_dmc.html?R8_kumamoto/0729yatsushiro_naname/naname/qv/1335.JPG&0.00deg",
    "thumbnail_url": "https://saigai.gsi.go.jp/1/R8_kumamoto/0729yatsushiro_naname/naname/qv/thumbnail/1335.JPG"
   }
  },
  {
   "type": "Feature",
   "geometry": {
    "type": "Point",
    "coordinates": [
     130.543889,
     32.396667
    ]
   },
   "properties": {
    "district": "八代地区",
    "photo_no": "1336",
    "captured_at": "2026-07-29T13:00:21+09:00",
    "viewer_url": "https://saigai.gsi.go.jp/1/index_dmc.html?R8_kumamoto/0729yatsushiro_naname/naname/qv/1336.JPG&0.00deg",
    "thumbnail_url": "https://saigai.gsi.go.jp/1/R8_kumamoto/0729yatsushiro_naname/naname/qv/thumbnail/1336.JPG"
   }
  },
  {
   "type": "Feature",
   "geometry": {
    "type": "Point",
    "coordinates": [
     130.547778,
     32.400833
    ]
   },
   "properties": {
    "district": "八代地区",
    "photo_no": "1337",
    "captured_at": "2026-07-29T13:00:29+09:00",
    "viewer_url": "https://saigai.gsi.go.jp/1/index_dmc.html?R8_kumamoto/0729yatsushiro_naname/naname/qv/1337.JPG&0.00deg",
    "thumbnail_url": "https://saigai.gsi.go.jp/1/R8_kumamoto/0729yatsushiro_naname/naname/qv/thumbnail/1337.JPG"
   }
  },
  {
   "type": "Feature",
   "geometry": {
    "type": "Point",
    "coordinates": [
     130.55,
     32.403611
    ]
   },
   "properties": {
    "district": "八代地区",
    "photo_no": "1338",
    "captured_at": "2026-07-29T13:00:34+09:00",
    "viewer_url": "https://saigai.gsi.go.jp/1/index_dmc.html?R8_kumamoto/0729yatsushiro_naname/naname/qv/1338.JPG&0.00deg",
    "thumbnail_url": "https://saigai.gsi.go.jp/1/R8_kumamoto/0729yatsushiro_naname/naname/qv/thumbnail/1338.JPG"
   }
  },
  {
   "type": "Feature",
   "geometry": {
    "type": "Point",
    "coordinates": [
     130.551944,
     32.405556
    ]
   },
   "properties": {
    "district": "八代地区",
    "photo_no": "1339",
    "captured_at": "2026-07-29T13:00:38+09:00",
    "viewer_url": "https://saigai.gsi.go.jp/1/index_dmc.html?R8_kumamoto/0729yatsushiro_naname/naname/qv/1339.JPG&0.00deg",
    "thumbnail_url": "https://saigai.gsi.go.jp/1/R8_kumamoto/0729yatsushiro_naname/naname/qv/thumbnail/1339.JPG"
   }
  },
  {
   "type": "Feature",
   "geometry": {
    "type": "Point",
    "coordinates": [
     130.554167,
     32.408333
    ]
   },
   "properties": {
    "district": "八代地区",
    "photo_no": "1340",
    "captured_at": "2026-07-29T13:00:42+09:00",
    "viewer_url": "https://saigai.gsi.go.jp/1/index_dmc.html?R8_kumamoto/0729yatsushiro_naname/naname/qv/1340.JPG&0.00deg",
    "thumbnail_url": "https://saigai.gsi.go.jp/1/R8_kumamoto/0729yatsushiro_naname/naname/qv/thumbnail/1340.JPG"
   }
  },
  {
   "type": "Feature",
   "geometry": {
    "type": "Point",
    "coordinates": [
     130.556667,
     32.410833
    ]
   },
   "properties": {
    "district": "八代地区",
    "photo_no": "1341",
    "captured_at": "2026-07-29T13:00:48+09:00",
    "viewer_url": "https://saigai.gsi.go.jp/1/index_dmc.html?R8_kumamoto/0729yatsushiro_naname/naname/qv/1341.JPG&0.00deg",
    "thumbnail_url": "https://saigai.gsi.go.jp/1/R8_kumamoto/0729yatsushiro_naname/naname/qv/thumbnail/1341.JPG"
   }
  },
  {
   "type": "Feature",
   "geometry": {
    "type": "Point",
    "coordinates": [
     130.558889,
     32.413611
    ]
   },
   "properties": {
    "district": "八代地区",
    "photo_no": "1342",
    "captured_at": "2026-07-29T13:00:53+09:00",
    "viewer_url": "https://saigai.gsi.go.jp/1/index_dmc.html?R8_kumamoto/0729yatsushiro_naname/naname/qv/1342.JPG&0.00deg",
    "thumbnail_url": "https://saigai.gsi.go.jp/1/R8_kumamoto/0729yatsushiro_naname/naname/qv/thumbnail/1342.JPG"
   }
  },
  {
   "type": "Feature",
   "geometry": {
    "type": "Point",
    "coordinates": [
     130.561667,
     32.416667
    ]
   },
   "properties": {
    "district": "八代地区",
    "photo_no": "1343",
    "captured_at": "2026-07-29T13:00:59+09:00",
    "viewer_url": "https://saigai.gsi.go.jp/1/index_dmc.html?R8_kumamoto/0729yatsushiro_naname/naname/qv/1343.JPG&0.00deg",
    "thumbnail_url": "https://saigai.gsi.go.jp/1/R8_kumamoto/0729yatsushiro_naname/naname/qv/thumbnail/1343.JPG"
   }
  },
  {
   "type": "Feature",
   "geometry": {
    "type": "Point",
    "coordinates": [
     130.564722,
     32.42
    ]
   },
   "properties": {
    "district": "八代地区",
    "photo_no": "1344",
    "captured_at": "2026-07-29T13:01:05+09:00",
    "viewer_url": "https://saigai.gsi.go.jp/1/index_dmc.html?R8_kumamoto/0729yatsushiro_naname/naname/qv/1344.JPG&0.00deg",
    "thumbnail_url": "https://saigai.gsi.go.jp/1/R8_kumamoto/0729yatsushiro_naname/naname/qv/thumbnail/1344.JPG"
   }
  },
  {
   "type": "Feature",
   "geometry": {
    "type": "Point",
    "coordinates": [
     130.566944,
     32.4225
    ]
   },
   "properties": {
    "district": "八代地区",
    "photo_no": "1345",
    "captured_at": "2026-07-29T13:01:10+09:00",
    "viewer_url": "https://saigai.gsi.go.jp/1/index_dmc.html?R8_kumamoto/0729yatsushiro_naname/naname/qv/1345.JPG&0.00deg",
    "thumbnail_url": "https://saigai.gsi.go.jp/1/R8_kumamoto/0729yatsushiro_naname/naname/qv/thumbnail/1345.JPG"
   }
  },
  {
   "type": "Feature",
   "geometry": {
    "type": "Point",
    "coordinates": [
     130.570278,
     32.426389
    ]
   },
   "properties": {
    "district": "八代地区",
    "photo_no": "1346",
    "captured_at": "2026-07-29T13:01:17+09:00",
    "viewer_url": "https://saigai.gsi.go.jp/1/index_dmc.html?R8_kumamoto/0729yatsushiro_naname/naname/qv/1346.JPG&0.00deg",
    "thumbnail_url": "https://saigai.gsi.go.jp/1/R8_kumamoto/0729yatsushiro_naname/naname/qv/thumbnail/1346.JPG"
   }
  },
  {
   "type": "Feature",
   "geometry": {
    "type": "Point",
    "coordinates": [
     130.573056,
     32.429444
    ]
   },
   "properties": {
    "district": "八代地区",
    "photo_no": "1347",
    "captured_at": "2026-07-29T13:01:23+09:00",
    "viewer_url": "https://saigai.gsi.go.jp/1/index_dmc.html?R8_kumamoto/0729yatsushiro_naname/naname/qv/1347.JPG&0.00deg",
    "thumbnail_url": "https://saigai.gsi.go.jp/1/R8_kumamoto/0729yatsushiro_naname/naname/qv/thumbnail/1347.JPG"
   }
  },
  {
   "type": "Feature",
   "geometry": {
    "type": "Point",
    "coordinates": [
     130.575556,
     32.431944
    ]
   },
   "properties": {
    "district": "八代地区",
    "photo_no": "1348",
    "captured_at": "2026-07-29T13:01:28+09:00",
    "viewer_url": "https://saigai.gsi.go.jp/1/index_dmc.html?R8_kumamoto/0729yatsushiro_naname/naname/qv/1348.JPG&0.00deg",
    "thumbnail_url": "https://saigai.gsi.go.jp/1/R8_kumamoto/0729yatsushiro_naname/naname/qv/thumbnail/1348.JPG"
   }
  },
  {
   "type": "Feature",
   "geometry": {
    "type": "Point",
    "coordinates": [
     130.578333,
     32.435278
    ]
   },
   "properties": {
    "district": "八代地区",
    "photo_no": "1349",
    "captured_at": "2026-07-29T13:01:34+09:00",
    "viewer_url": "https://saigai.gsi.go.jp/1/index_dmc.html?R8_kumamoto/0729yatsushiro_naname/naname/qv/1349.JPG&0.00deg",
    "thumbnail_url": "https://saigai.gsi.go.jp/1/R8_kumamoto/0729yatsushiro_naname/naname/qv/thumbnail/1349.JPG"
   }
  },
  {
   "type": "Feature",
   "geometry": {
    "type": "Point",
    "coordinates": [
     130.580556,
     32.438056
    ]
   },
   "properties": {
    "district": "八代地区",
    "photo_no": "1350",
    "captured_at": "2026-07-29T13:01:39+09:00",
    "viewer_url": "https://saigai.gsi.go.jp/1/index_dmc.html?R8_kumamoto/0729yatsushiro_naname/naname/qv/1350.JPG&0.00deg",
    "thumbnail_url": "https://saigai.gsi.go.jp/1/R8_kumamoto/0729yatsushiro_naname/naname/qv/thumbnail/1350.JPG"
   }
  },
  {
   "type": "Feature",
   "geometry": {
    "type": "Point",
    "coordinates": [
     130.582222,
     32.44
    ]
   },
   "properties": {
    "district": "八代地区",
    "photo_no": "1351",
    "captured_at": "2026-07-29T13:01:43+09:00",
    "viewer_url": "https://saigai.gsi.go.jp/1/index_dmc.html?R8_kumamoto/0729yatsushiro_naname/naname/qv/1351.JPG&0.00deg",
    "thumbnail_url": "https://saigai.gsi.go.jp/1/R8_kumamoto/0729yatsushiro_naname/naname/qv/thumbnail/1351.JPG"
   }
  },
  {
   "type": "Feature",
   "geometry": {
    "type": "Point",
    "coordinates": [
     130.585,
     32.443333
    ]
   },
   "properties": {
    "district": "八代地区",
    "photo_no": "1352",
    "captured_at": "2026-07-29T13:01:49+09:00",
    "viewer_url": "https://saigai.gsi.go.jp/1/index_dmc.html?R8_kumamoto/0729yatsushiro_naname/naname/qv/1352.JPG&0.00deg",
    "thumbnail_url": "https://saigai.gsi.go.jp/1/R8_kumamoto/0729yatsushiro_naname/naname/qv/thumbnail/1352.JPG"
   }
  },
  {
   "type": "Feature",
   "geometry": {
    "type": "Point",
    "coordinates": [
     130.587778,
     32.446389
    ]
   },
   "properties": {
    "district": "八代地区",
    "photo_no": "1353",
    "captured_at": "2026-07-29T13:01:56+09:00",
    "viewer_url": "https://saigai.gsi.go.jp/1/index_dmc.html?R8_kumamoto/0729yatsushiro_naname/naname/qv/1353.JPG&0.00deg",
    "thumbnail_url": "https://saigai.gsi.go.jp/1/R8_kumamoto/0729yatsushiro_naname/naname/qv/thumbnail/1353.JPG"
   }
  },
  {
   "type": "Feature",
   "geometry": {
    "type": "Point",
    "coordinates": [
     130.591111,
     32.450278
    ]
   },
   "properties": {
    "district": "八代地区",
    "photo_no": "1354",
    "captured_at": "2026-07-29T13:02:02+09:00",
    "viewer_url": "https://saigai.gsi.go.jp/1/index_dmc.html?R8_kumamoto/0729yatsushiro_naname/naname/qv/1354.JPG&0.00deg",
    "thumbnail_url": "https://saigai.gsi.go.jp/1/R8_kumamoto/0729yatsushiro_naname/naname/qv/thumbnail/1354.JPG"
   }
  },
  {
   "type": "Feature",
   "geometry": {
    "type": "Point",
    "coordinates": [
     130.593889,
     32.453333
    ]
   },
   "properties": {
    "district": "八代地区",
    "photo_no": "1355",
    "captured_at": "2026-07-29T13:02:08+09:00",
    "viewer_url": "https://saigai.gsi.go.jp/1/index_dmc.html?R8_kumamoto/0729yatsushiro_naname/naname/qv/1355.JPG&0.00deg",
    "thumbnail_url": "https://saigai.gsi.go.jp/1/R8_kumamoto/0729yatsushiro_naname/naname/qv/thumbnail/1355.JPG"
   }
  },
  {
   "type": "Feature",
   "geometry": {
    "type": "Point",
    "coordinates": [
     130.596389,
     32.456111
    ]
   },
   "properties": {
    "district": "八代地区",
    "photo_no": "1356",
    "captured_at": "2026-07-29T13:02:13+09:00",
    "viewer_url": "https://saigai.gsi.go.jp/1/index_dmc.html?R8_kumamoto/0729yatsushiro_naname/naname/qv/1356.JPG&0.00deg",
    "thumbnail_url": "https://saigai.gsi.go.jp/1/R8_kumamoto/0729yatsushiro_naname/naname/qv/thumbnail/1356.JPG"
   }
  },
  {
   "type": "Feature",
   "geometry": {
    "type": "Point",
    "coordinates": [
     130.599167,
     32.459167
    ]
   },
   "properties": {
    "district": "八代地区",
    "photo_no": "1357",
    "captured_at": "2026-07-29T13:02:19+09:00",
    "viewer_url": "https://saigai.gsi.go.jp/1/index_dmc.html?R8_kumamoto/0729yatsushiro_naname/naname/qv/1357.JPG&0.00deg",
    "thumbnail_url": "https://saigai.gsi.go.jp/1/R8_kumamoto/0729yatsushiro_naname/naname/qv/thumbnail/1357.JPG"
   }
  },
  {
   "type": "Feature",
   "geometry": {
    "type": "Point",
    "coordinates": [
     130.601667,
     32.461944
    ]
   },
   "properties": {
    "district": "八代地区",
    "photo_no": "1358",
    "captured_at": "2026-07-29T13:02:24+09:00",
    "viewer_url": "https://saigai.gsi.go.jp/1/index_dmc.html?R8_kumamoto/0729yatsushiro_naname/naname/qv/1358.JPG&0.00deg",
    "thumbnail_url": "https://saigai.gsi.go.jp/1/R8_kumamoto/0729yatsushiro_naname/naname/qv/thumbnail/1358.JPG"
   }
  },
  {
   "type": "Feature",
   "geometry": {
    "type": "Point",
    "coordinates": [
     130.603889,
     32.464444
    ]
   },
   "properties": {
    "district": "八代地区",
    "photo_no": "1359",
    "captured_at": "2026-07-29T13:02:29+09:00",
    "viewer_url": "https://saigai.gsi.go.jp/1/index_dmc.html?R8_kumamoto/0729yatsushiro_naname/naname/qv/1359.JPG&0.00deg",
    "thumbnail_url": "https://saigai.gsi.go.jp/1/R8_kumamoto/0729yatsushiro_naname/naname/qv/thumbnail/1359.JPG"
   }
  },
  {
   "type": "Feature",
   "geometry": {
    "type": "Point",
    "coordinates": [
     130.606389,
     32.467222
    ]
   },
   "properties": {
    "district": "八代地区",
    "photo_no": "1360",
    "captured_at": "2026-07-29T13:02:34+09:00",
    "viewer_url": "https://saigai.gsi.go.jp/1/index_dmc.html?R8_kumamoto/0729yatsushiro_naname/naname/qv/1360.JPG&0.00deg",
    "thumbnail_url": "https://saigai.gsi.go.jp/1/R8_kumamoto/0729yatsushiro_naname/naname/qv/thumbnail/1360.JPG"
   }
  },
  {
   "type": "Feature",
   "geometry": {
    "type": "Point",
    "coordinates": [
     130.609167,
     32.470278
    ]
   },
   "properties": {
    "district": "八代地区",
    "photo_no": "1361",
    "captured_at": "2026-07-29T13:02:40+09:00",
    "viewer_url": "https://saigai.gsi.go.jp/1/index_dmc.html?R8_kumamoto/0729yatsushiro_naname/naname/qv/1361.JPG&0.00deg",
    "thumbnail_url": "https://saigai.gsi.go.jp/1/R8_kumamoto/0729yatsushiro_naname/naname/qv/thumbnail/1361.JPG"
   }
  },
  {
   "type": "Feature",
   "geometry": {
    "type": "Point",
    "coordinates": [
     130.613056,
     32.474722
    ]
   },
   "properties": {
    "district": "八代地区",
    "photo_no": "1362",
    "captured_at": "2026-07-29T13:02:48+09:00",
    "viewer_url": "https://saigai.gsi.go.jp/1/index_dmc.html?R8_kumamoto/0729yatsushiro_naname/naname/qv/1362.JPG&0.00deg",
    "thumbnail_url": "https://saigai.gsi.go.jp/1/R8_kumamoto/0729yatsushiro_naname/naname/qv/thumbnail/1362.JPG"
   }
  },
  {
   "type": "Feature",
   "geometry": {
    "type": "Point",
    "coordinates": [
     130.615556,
     32.477222
    ]
   },
   "properties": {
    "district": "八代地区",
    "photo_no": "1363",
    "captured_at": "2026-07-29T13:02:53+09:00",
    "viewer_url": "https://saigai.gsi.go.jp/1/index_dmc.html?R8_kumamoto/0729yatsushiro_naname/naname/qv/1363.JPG&0.00deg",
    "thumbnail_url": "https://saigai.gsi.go.jp/1/R8_kumamoto/0729yatsushiro_naname/naname/qv/thumbnail/1363.JPG"
   }
  },
  {
   "type": "Feature",
   "geometry": {
    "type": "Point",
    "coordinates": [
     130.617778,
     32.48
    ]
   },
   "properties": {
    "district": "八代地区",
    "photo_no": "1364",
    "captured_at": "2026-07-29T13:02:59+09:00",
    "viewer_url": "https://saigai.gsi.go.jp/1/index_dmc.html?R8_kumamoto/0729yatsushiro_naname/naname/qv/1364.JPG&0.00deg",
    "thumbnail_url": "https://saigai.gsi.go.jp/1/R8_kumamoto/0729yatsushiro_naname/naname/qv/thumbnail/1364.JPG"
   }
  },
  {
   "type": "Feature",
   "geometry": {
    "type": "Point",
    "coordinates": [
     130.620278,
     32.482778
    ]
   },
   "properties": {
    "district": "八代地区",
    "photo_no": "1365",
    "captured_at": "2026-07-29T13:03:03+09:00",
    "viewer_url": "https://saigai.gsi.go.jp/1/index_dmc.html?R8_kumamoto/0729yatsushiro_naname/naname/qv/1365.JPG&0.00deg",
    "thumbnail_url": "https://saigai.gsi.go.jp/1/R8_kumamoto/0729yatsushiro_naname/naname/qv/thumbnail/1365.JPG"
   }
  },
  {
   "type": "Feature",
   "geometry": {
    "type": "Point",
    "coordinates": [
     130.6225,
     32.485278
    ]
   },
   "properties": {
    "district": "八代地区",
    "photo_no": "1366",
    "captured_at": "2026-07-29T13:03:08+09:00",
    "viewer_url": "https://saigai.gsi.go.jp/1/index_dmc.html?R8_kumamoto/0729yatsushiro_naname/naname/qv/1366.JPG&0.00deg",
    "thumbnail_url": "https://saigai.gsi.go.jp/1/R8_kumamoto/0729yatsushiro_naname/naname/qv/thumbnail/1366.JPG"
   }
  },
  {
   "type": "Feature",
   "geometry": {
    "type": "Point",
    "coordinates": [
     130.625556,
     32.488889
    ]
   },
   "properties": {
    "district": "八代地区",
    "photo_no": "1367",
    "captured_at": "2026-07-29T13:03:15+09:00",
    "viewer_url": "https://saigai.gsi.go.jp/1/index_dmc.html?R8_kumamoto/0729yatsushiro_naname/naname/qv/1367.JPG&0.00deg",
    "thumbnail_url": "https://saigai.gsi.go.jp/1/R8_kumamoto/0729yatsushiro_naname/naname/qv/thumbnail/1367.JPG"
   }
  },
  {
   "type": "Feature",
   "geometry": {
    "type": "Point",
    "coordinates": [
     130.628889,
     32.4925
    ]
   },
   "properties": {
    "district": "八代地区",
    "photo_no": "1368",
    "captured_at": "2026-07-29T13:03:22+09:00",
    "viewer_url": "https://saigai.gsi.go.jp/1/index_dmc.html?R8_kumamoto/0729yatsushiro_naname/naname/qv/1368.JPG&0.00deg",
    "thumbnail_url": "https://saigai.gsi.go.jp/1/R8_kumamoto/0729yatsushiro_naname/naname/qv/thumbnail/1368.JPG"
   }
  },
  {
   "type": "Feature",
   "geometry": {
    "type": "Point",
    "coordinates": [
     130.631667,
     32.495833
    ]
   },
   "properties": {
    "district": "八代地区",
    "photo_no": "1369",
    "captured_at": "2026-07-29T13:03:29+09:00",
    "viewer_url": "https://saigai.gsi.go.jp/1/index_dmc.html?R8_kumamoto/0729yatsushiro_naname/naname/qv/1369.JPG&0.00deg",
    "thumbnail_url": "https://saigai.gsi.go.jp/1/R8_kumamoto/0729yatsushiro_naname/naname/qv/thumbnail/1369.JPG"
   }
  },
  {
   "type": "Feature",
   "geometry": {
    "type": "Point",
    "coordinates": [
     130.634167,
     32.498889
    ]
   },
   "properties": {
    "district": "八代地区",
    "photo_no": "1370",
    "captured_at": "2026-07-29T13:03:35+09:00",
    "viewer_url": "https://saigai.gsi.go.jp/1/index_dmc.html?R8_kumamoto/0729yatsushiro_naname/naname/qv/1370.JPG&0.00deg",
    "thumbnail_url": "https://saigai.gsi.go.jp/1/R8_kumamoto/0729yatsushiro_naname/naname/qv/thumbnail/1370.JPG"
   }
  },
  {
   "type": "Feature",
   "geometry": {
    "type": "Point",
    "coordinates": [
     130.637778,
     32.503056
    ]
   },
   "properties": {
    "district": "八代地区",
    "photo_no": "1371",
    "captured_at": "2026-07-29T13:03:42+09:00",
    "viewer_url": "https://saigai.gsi.go.jp/1/index_dmc.html?R8_kumamoto/0729yatsushiro_naname/naname/qv/1371.JPG&0.00deg",
    "thumbnail_url": "https://saigai.gsi.go.jp/1/R8_kumamoto/0729yatsushiro_naname/naname/qv/thumbnail/1371.JPG"
   }
  },
  {
   "type": "Feature",
   "geometry": {
    "type": "Point",
    "coordinates": [
     130.640556,
     32.506389
    ]
   },
   "properties": {
    "district": "八代地区",
    "photo_no": "1372",
    "captured_at": "2026-07-29T13:03:48+09:00",
    "viewer_url": "https://saigai.gsi.go.jp/1/index_dmc.html?R8_kumamoto/0729yatsushiro_naname/naname/qv/1372.JPG&0.00deg",
    "thumbnail_url": "https://saigai.gsi.go.jp/1/R8_kumamoto/0729yatsushiro_naname/naname/qv/thumbnail/1372.JPG"
   }
  },
  {
   "type": "Feature",
   "geometry": {
    "type": "Point",
    "coordinates": [
     130.643333,
     32.509444
    ]
   },
   "properties": {
    "district": "八代地区",
    "photo_no": "1373",
    "captured_at": "2026-07-29T13:03:55+09:00",
    "viewer_url": "https://saigai.gsi.go.jp/1/index_dmc.html?R8_kumamoto/0729yatsushiro_naname/naname/qv/1373.JPG&0.00deg",
    "thumbnail_url": "https://saigai.gsi.go.jp/1/R8_kumamoto/0729yatsushiro_naname/naname/qv/thumbnail/1373.JPG"
   }
  },
  {
   "type": "Feature",
   "geometry": {
    "type": "Point",
    "coordinates": [
     130.647222,
     32.513889
    ]
   },
   "properties": {
    "district": "八代地区",
    "photo_no": "1374",
    "captured_at": "2026-07-29T13:04:02+09:00",
    "viewer_url": "https://saigai.gsi.go.jp/1/index_dmc.html?R8_kumamoto/0729yatsushiro_naname/naname/qv/1374.JPG&0.00deg",
    "thumbnail_url": "https://saigai.gsi.go.jp/1/R8_kumamoto/0729yatsushiro_naname/naname/qv/thumbnail/1374.JPG"
   }
  },
  {
   "type": "Feature",
   "geometry": {
    "type": "Point",
    "coordinates": [
     130.650833,
     32.518056
    ]
   },
   "properties": {
    "district": "八代地区",
    "photo_no": "1375",
    "captured_at": "2026-07-29T13:04:10+09:00",
    "viewer_url": "https://saigai.gsi.go.jp/1/index_dmc.html?R8_kumamoto/0729yatsushiro_naname/naname/qv/1375.JPG&0.00deg",
    "thumbnail_url": "https://saigai.gsi.go.jp/1/R8_kumamoto/0729yatsushiro_naname/naname/qv/thumbnail/1375.JPG"
   }
  },
  {
   "type": "Feature",
   "geometry": {
    "type": "Point",
    "coordinates": [
     130.653333,
     32.520556
    ]
   },
   "properties": {
    "district": "八代地区",
    "photo_no": "1376",
    "captured_at": "2026-07-29T13:04:15+09:00",
    "viewer_url": "https://saigai.gsi.go.jp/1/index_dmc.html?R8_kumamoto/0729yatsushiro_naname/naname/qv/1376.JPG&0.00deg",
    "thumbnail_url": "https://saigai.gsi.go.jp/1/R8_kumamoto/0729yatsushiro_naname/naname/qv/thumbnail/1376.JPG"
   }
  },
  {
   "type": "Feature",
   "geometry": {
    "type": "Point",
    "coordinates": [
     130.6575,
     32.525278
    ]
   },
   "properties": {
    "district": "八代地区",
    "photo_no": "1377",
    "captured_at": "2026-07-29T13:04:24+09:00",
    "viewer_url": "https://saigai.gsi.go.jp/1/index_dmc.html?R8_kumamoto/0729yatsushiro_naname/naname/qv/1377.JPG&0.00deg",
    "thumbnail_url": "https://saigai.gsi.go.jp/1/R8_kumamoto/0729yatsushiro_naname/naname/qv/thumbnail/1377.JPG"
   }
  },
  {
   "type": "Feature",
   "geometry": {
    "type": "Point",
    "coordinates": [
     130.660556,
     32.528611
    ]
   },
   "properties": {
    "district": "八代地区",
    "photo_no": "1378",
    "captured_at": "2026-07-29T13:04:30+09:00",
    "viewer_url": "https://saigai.gsi.go.jp/1/index_dmc.html?R8_kumamoto/0729yatsushiro_naname/naname/qv/1378.JPG&0.00deg",
    "thumbnail_url": "https://saigai.gsi.go.jp/1/R8_kumamoto/0729yatsushiro_naname/naname/qv/thumbnail/1378.JPG"
   }
  },
  {
   "type": "Feature",
   "geometry": {
    "type": "Point",
    "coordinates": [
     130.662778,
     32.531111
    ]
   },
   "properties": {
    "district": "八代地区",
    "photo_no": "1379",
    "captured_at": "2026-07-29T13:04:36+09:00",
    "viewer_url": "https://saigai.gsi.go.jp/1/index_dmc.html?R8_kumamoto/0729yatsushiro_naname/naname/qv/1379.JPG&0.00deg",
    "thumbnail_url": "https://saigai.gsi.go.jp/1/R8_kumamoto/0729yatsushiro_naname/naname/qv/thumbnail/1379.JPG"
   }
  },
  {
   "type": "Feature",
   "geometry": {
    "type": "Point",
    "coordinates": [
     130.666944,
     32.535833
    ]
   },
   "properties": {
    "district": "八代地区",
    "photo_no": "1380",
    "captured_at": "2026-07-29T13:04:44+09:00",
    "viewer_url": "https://saigai.gsi.go.jp/1/index_dmc.html?R8_kumamoto/0729yatsushiro_naname/naname/qv/1380.JPG&0.00deg",
    "thumbnail_url": "https://saigai.gsi.go.jp/1/R8_kumamoto/0729yatsushiro_naname/naname/qv/thumbnail/1380.JPG"
   }
  },
  {
   "type": "Feature",
   "geometry": {
    "type": "Point",
    "coordinates": [
     130.669167,
     32.538333
    ]
   },
   "properties": {
    "district": "八代地区",
    "photo_no": "1381",
    "captured_at": "2026-07-29T13:04:49+09:00",
    "viewer_url": "https://saigai.gsi.go.jp/1/index_dmc.html?R8_kumamoto/0729yatsushiro_naname/naname/qv/1381.JPG&0.00deg",
    "thumbnail_url": "https://saigai.gsi.go.jp/1/R8_kumamoto/0729yatsushiro_naname/naname/qv/thumbnail/1381.JPG"
   }
  },
  {
   "type": "Feature",
   "geometry": {
    "type": "Point",
    "coordinates": [
     130.672778,
     32.542778
    ]
   },
   "properties": {
    "district": "八代地区",
    "photo_no": "1382",
    "captured_at": "2026-07-29T13:04:57+09:00",
    "viewer_url": "https://saigai.gsi.go.jp/1/index_dmc.html?R8_kumamoto/0729yatsushiro_naname/naname/qv/1382.JPG&0.00deg",
    "thumbnail_url": "https://saigai.gsi.go.jp/1/R8_kumamoto/0729yatsushiro_naname/naname/qv/thumbnail/1382.JPG"
   }
  },
  {
   "type": "Feature",
   "geometry": {
    "type": "Point",
    "coordinates": [
     130.676389,
     32.546944
    ]
   },
   "properties": {
    "district": "八代地区",
    "photo_no": "1383",
    "captured_at": "2026-07-29T13:05:05+09:00",
    "viewer_url": "https://saigai.gsi.go.jp/1/index_dmc.html?R8_kumamoto/0729yatsushiro_naname/naname/qv/1383.JPG&0.00deg",
    "thumbnail_url": "https://saigai.gsi.go.jp/1/R8_kumamoto/0729yatsushiro_naname/naname/qv/thumbnail/1383.JPG"
   }
  },
  {
   "type": "Feature",
   "geometry": {
    "type": "Point",
    "coordinates": [
     130.679167,
     32.55
    ]
   },
   "properties": {
    "district": "八代地区",
    "photo_no": "1384",
    "captured_at": "2026-07-29T13:05:11+09:00",
    "viewer_url": "https://saigai.gsi.go.jp/1/index_dmc.html?R8_kumamoto/0729yatsushiro_naname/naname/qv/1384.JPG&0.00deg",
    "thumbnail_url": "https://saigai.gsi.go.jp/1/R8_kumamoto/0729yatsushiro_naname/naname/qv/thumbnail/1384.JPG"
   }
  },
  {
   "type": "Feature",
   "geometry": {
    "type": "Point",
    "coordinates": [
     130.681667,
     32.552778
    ]
   },
   "properties": {
    "district": "八代地区",
    "photo_no": "1385",
    "captured_at": "2026-07-29T13:05:17+09:00",
    "viewer_url": "https://saigai.gsi.go.jp/1/index_dmc.html?R8_kumamoto/0729yatsushiro_naname/naname/qv/1385.JPG&0.00deg",
    "thumbnail_url": "https://saigai.gsi.go.jp/1/R8_kumamoto/0729yatsushiro_naname/naname/qv/thumbnail/1385.JPG"
   }
  },
  {
   "type": "Feature",
   "geometry": {
    "type": "Point",
    "coordinates": [
     130.683889,
     32.555278
    ]
   },
   "properties": {
    "district": "八代地区",
    "photo_no": "1386",
    "captured_at": "2026-07-29T13:05:22+09:00",
    "viewer_url": "https://saigai.gsi.go.jp/1/index_dmc.html?R8_kumamoto/0729yatsushiro_naname/naname/qv/1386.JPG&0.00deg",
    "thumbnail_url": "https://saigai.gsi.go.jp/1/R8_kumamoto/0729yatsushiro_naname/naname/qv/thumbnail/1386.JPG"
   }
  },
  {
   "type": "Feature",
   "geometry": {
    "type": "Point",
    "coordinates": [
     130.6875,
     32.559444
    ]
   },
   "properties": {
    "district": "八代地区",
    "photo_no": "1387",
    "captured_at": "2026-07-29T13:05:29+09:00",
    "viewer_url": "https://saigai.gsi.go.jp/1/index_dmc.html?R8_kumamoto/0729yatsushiro_naname/naname/qv/1387.JPG&0.00deg",
    "thumbnail_url": "https://saigai.gsi.go.jp/1/R8_kumamoto/0729yatsushiro_naname/naname/qv/thumbnail/1387.JPG"
   }
  },
  {
   "type": "Feature",
   "geometry": {
    "type": "Point",
    "coordinates": [
     130.691389,
     32.563611
    ]
   },
   "properties": {
    "district": "八代地区",
    "photo_no": "1388",
    "captured_at": "2026-07-29T13:05:37+09:00",
    "viewer_url": "https://saigai.gsi.go.jp/1/index_dmc.html?R8_kumamoto/0729yatsushiro_naname/naname/qv/1388.JPG&0.00deg",
    "thumbnail_url": "https://saigai.gsi.go.jp/1/R8_kumamoto/0729yatsushiro_naname/naname/qv/thumbnail/1388.JPG"
   }
  },
  {
   "type": "Feature",
   "geometry": {
    "type": "Point",
    "coordinates": [
     130.664444,
     32.558056
    ]
   },
   "properties": {
    "district": "八代地区",
    "photo_no": "1237",
    "captured_at": "2026-07-29T12:46:04+09:00",
    "viewer_url": "https://saigai.gsi.go.jp/1/index_dmc.html?R8_kumamoto/0729yatsushiro_naname/naname/qv/1237.JPG&0.00deg",
    "thumbnail_url": "https://saigai.gsi.go.jp/1/R8_kumamoto/0729yatsushiro_naname/naname/qv/thumbnail/1237.JPG"
   }
  },
  {
   "type": "Feature",
   "geometry": {
    "type": "Point",
    "coordinates": [
     130.660833,
     32.554167
    ]
   },
   "properties": {
    "district": "八代地区",
    "photo_no": "1238",
    "captured_at": "2026-07-29T12:46:11+09:00",
    "viewer_url": "https://saigai.gsi.go.jp/1/index_dmc.html?R8_kumamoto/0729yatsushiro_naname/naname/qv/1238.JPG&0.00deg",
    "thumbnail_url": "https://saigai.gsi.go.jp/1/R8_kumamoto/0729yatsushiro_naname/naname/qv/thumbnail/1238.JPG"
   }
  },
  {
   "type": "Feature",
   "geometry": {
    "type": "Point",
    "coordinates": [
     130.658056,
     32.550833
    ]
   },
   "properties": {
    "district": "八代地区",
    "photo_no": "1239",
    "captured_at": "2026-07-29T12:46:16+09:00",
    "viewer_url": "https://saigai.gsi.go.jp/1/index_dmc.html?R8_kumamoto/0729yatsushiro_naname/naname/qv/1239.JPG&0.00deg",
    "thumbnail_url": "https://saigai.gsi.go.jp/1/R8_kumamoto/0729yatsushiro_naname/naname/qv/thumbnail/1239.JPG"
   }
  },
  {
   "type": "Feature",
   "geometry": {
    "type": "Point",
    "coordinates": [
     130.655,
     32.5475
    ]
   },
   "properties": {
    "district": "八代地区",
    "photo_no": "1240",
    "captured_at": "2026-07-29T12:46:22+09:00",
    "viewer_url": "https://saigai.gsi.go.jp/1/index_dmc.html?R8_kumamoto/0729yatsushiro_naname/naname/qv/1240.JPG&0.00deg",
    "thumbnail_url": "https://saigai.gsi.go.jp/1/R8_kumamoto/0729yatsushiro_naname/naname/qv/thumbnail/1240.JPG"
   }
  },
  {
   "type": "Feature",
   "geometry": {
    "type": "Point",
    "coordinates": [
     130.6525,
     32.544722
    ]
   },
   "properties": {
    "district": "八代地区",
    "photo_no": "1241",
    "captured_at": "2026-07-29T12:46:27+09:00",
    "viewer_url": "https://saigai.gsi.go.jp/1/index_dmc.html?R8_kumamoto/0729yatsushiro_naname/naname/qv/1241.JPG&0.00deg",
    "thumbnail_url": "https://saigai.gsi.go.jp/1/R8_kumamoto/0729yatsushiro_naname/naname/qv/thumbnail/1241.JPG"
   }
  },
  {
   "type": "Feature",
   "geometry": {
    "type": "Point",
    "coordinates": [
     130.648889,
     32.540833
    ]
   },
   "properties": {
    "district": "八代地区",
    "photo_no": "1242",
    "captured_at": "2026-07-29T12:46:34+09:00",
    "viewer_url": "https://saigai.gsi.go.jp/1/index_dmc.html?R8_kumamoto/0729yatsushiro_naname/naname/qv/1242.JPG&0.00deg",
    "thumbnail_url": "https://saigai.gsi.go.jp/1/R8_kumamoto/0729yatsushiro_naname/naname/qv/thumbnail/1242.JPG"
   }
  },
  {
   "type": "Feature",
   "geometry": {
    "type": "Point",
    "coordinates": [
     130.645,
     32.536111
    ]
   },
   "properties": {
    "district": "八代地区",
    "photo_no": "1243",
    "captured_at": "2026-07-29T12:46:42+09:00",
    "viewer_url": "https://saigai.gsi.go.jp/1/index_dmc.html?R8_kumamoto/0729yatsushiro_naname/naname/qv/1243.JPG&0.00deg",
    "thumbnail_url": "https://saigai.gsi.go.jp/1/R8_kumamoto/0729yatsushiro_naname/naname/qv/thumbnail/1243.JPG"
   }
  },
  {
   "type": "Feature",
   "geometry": {
    "type": "Point",
    "coordinates": [
     130.641944,
     32.532778
    ]
   },
   "properties": {
    "district": "八代地区",
    "photo_no": "1244",
    "captured_at": "2026-07-29T12:46:48+09:00",
    "viewer_url": "https://saigai.gsi.go.jp/1/index_dmc.html?R8_kumamoto/0729yatsushiro_naname/naname/qv/1244.JPG&0.00deg",
    "thumbnail_url": "https://saigai.gsi.go.jp/1/R8_kumamoto/0729yatsushiro_naname/naname/qv/thumbnail/1244.JPG"
   }
  },
  {
   "type": "Feature",
   "geometry": {
    "type": "Point",
    "coordinates": [
     130.639722,
     32.53
    ]
   },
   "properties": {
    "district": "八代地区",
    "photo_no": "1245",
    "captured_at": "2026-07-29T12:46:53+09:00",
    "viewer_url": "https://saigai.gsi.go.jp/1/index_dmc.html?R8_kumamoto/0729yatsushiro_naname/naname/qv/1245.JPG&0.00deg",
    "thumbnail_url": "https://saigai.gsi.go.jp/1/R8_kumamoto/0729yatsushiro_naname/naname/qv/thumbnail/1245.JPG"
   }
  },
  {
   "type": "Feature",
   "geometry": {
    "type": "Point",
    "coordinates": [
     130.635556,
     32.525556
    ]
   },
   "properties": {
    "district": "八代地区",
    "photo_no": "1246",
    "captured_at": "2026-07-29T12:47:01+09:00",
    "viewer_url": "https://saigai.gsi.go.jp/1/index_dmc.html?R8_kumamoto/0729yatsushiro_naname/naname/qv/1246.JPG&0.00deg",
    "thumbnail_url": "https://saigai.gsi.go.jp/1/R8_kumamoto/0729yatsushiro_naname/naname/qv/thumbnail/1246.JPG"
   }
  },
  {
   "type": "Feature",
   "geometry": {
    "type": "Point",
    "coordinates": [
     130.631667,
     32.520833
    ]
   },
   "properties": {
    "district": "八代地区",
    "photo_no": "1247",
    "captured_at": "2026-07-29T12:47:09+09:00",
    "viewer_url": "https://saigai.gsi.go.jp/1/index_dmc.html?R8_kumamoto/0729yatsushiro_naname/naname/qv/1247.JPG&0.00deg",
    "thumbnail_url": "https://saigai.gsi.go.jp/1/R8_kumamoto/0729yatsushiro_naname/naname/qv/thumbnail/1247.JPG"
   }
  },
  {
   "type": "Feature",
   "geometry": {
    "type": "Point",
    "coordinates": [
     130.629444,
     32.518611
    ]
   },
   "properties": {
    "district": "八代地区",
    "photo_no": "1248",
    "captured_at": "2026-07-29T12:47:12+09:00",
    "viewer_url": "https://saigai.gsi.go.jp/1/index_dmc.html?R8_kumamoto/0729yatsushiro_naname/naname/qv/1248.JPG&0.00deg",
    "thumbnail_url": "https://saigai.gsi.go.jp/1/R8_kumamoto/0729yatsushiro_naname/naname/qv/thumbnail/1248.JPG"
   }
  },
  {
   "type": "Feature",
   "geometry": {
    "type": "Point",
    "coordinates": [
     130.627222,
     32.515833
    ]
   },
   "properties": {
    "district": "八代地区",
    "photo_no": "1249",
    "captured_at": "2026-07-29T12:47:19+09:00",
    "viewer_url": "https://saigai.gsi.go.jp/1/index_dmc.html?R8_kumamoto/0729yatsushiro_naname/naname/qv/1249.JPG&0.00deg",
    "thumbnail_url": "https://saigai.gsi.go.jp/1/R8_kumamoto/0729yatsushiro_naname/naname/qv/thumbnail/1249.JPG"
   }
  },
  {
   "type": "Feature",
   "geometry": {
    "type": "Point",
    "coordinates": [
     130.624167,
     32.5125
    ]
   },
   "properties": {
    "district": "八代地区",
    "photo_no": "1250",
    "captured_at": "2026-07-29T12:47:24+09:00",
    "viewer_url": "https://saigai.gsi.go.jp/1/index_dmc.html?R8_kumamoto/0729yatsushiro_naname/naname/qv/1250.JPG&0.00deg",
    "thumbnail_url": "https://saigai.gsi.go.jp/1/R8_kumamoto/0729yatsushiro_naname/naname/qv/thumbnail/1250.JPG"
   }
  },
  {
   "type": "Feature",
   "geometry": {
    "type": "Point",
    "coordinates": [
     130.621111,
     32.508889
    ]
   },
   "properties": {
    "district": "八代地区",
    "photo_no": "1251",
    "captured_at": "2026-07-29T12:47:30+09:00",
    "viewer_url": "https://saigai.gsi.go.jp/1/index_dmc.html?R8_kumamoto/0729yatsushiro_naname/naname/qv/1251.JPG&0.00deg",
    "thumbnail_url": "https://saigai.gsi.go.jp/1/R8_kumamoto/0729yatsushiro_naname/naname/qv/thumbnail/1251.JPG"
   }
  },
  {
   "type": "Feature",
   "geometry": {
    "type": "Point",
    "coordinates": [
     130.6175,
     32.505
    ]
   },
   "properties": {
    "district": "八代地区",
    "photo_no": "1252",
    "captured_at": "2026-07-29T12:47:37+09:00",
    "viewer_url": "https://saigai.gsi.go.jp/1/index_dmc.html?R8_kumamoto/0729yatsushiro_naname/naname/qv/1252.JPG&0.00deg",
    "thumbnail_url": "https://saigai.gsi.go.jp/1/R8_kumamoto/0729yatsushiro_naname/naname/qv/thumbnail/1252.JPG"
   }
  },
  {
   "type": "Feature",
   "geometry": {
    "type": "Point",
    "coordinates": [
     130.615,
     32.502222
    ]
   },
   "properties": {
    "district": "八代地区",
    "photo_no": "1253",
    "captured_at": "2026-07-29T12:47:43+09:00",
    "viewer_url": "https://saigai.gsi.go.jp/1/index_dmc.html?R8_kumamoto/0729yatsushiro_naname/naname/qv/1253.JPG&0.00deg",
    "thumbnail_url": "https://saigai.gsi.go.jp/1/R8_kumamoto/0729yatsushiro_naname/naname/qv/thumbnail/1253.JPG"
   }
  },
  {
   "type": "Feature",
   "geometry": {
    "type": "Point",
    "coordinates": [
     130.611667,
     32.498056
    ]
   },
   "properties": {
    "district": "八代地区",
    "photo_no": "1254",
    "captured_at": "2026-07-29T12:47:49+09:00",
    "viewer_url": "https://saigai.gsi.go.jp/1/index_dmc.html?R8_kumamoto/0729yatsushiro_naname/naname/qv/1254.JPG&0.00deg",
    "thumbnail_url": "https://saigai.gsi.go.jp/1/R8_kumamoto/0729yatsushiro_naname/naname/qv/thumbnail/1254.JPG"
   }
  },
  {
   "type": "Feature",
   "geometry": {
    "type": "Point",
    "coordinates": [
     130.608611,
     32.494722
    ]
   },
   "properties": {
    "district": "八代地区",
    "photo_no": "1255",
    "captured_at": "2026-07-29T12:47:55+09:00",
    "viewer_url": "https://saigai.gsi.go.jp/1/index_dmc.html?R8_kumamoto/0729yatsushiro_naname/naname/qv/1255.JPG&0.00deg",
    "thumbnail_url": "https://saigai.gsi.go.jp/1/R8_kumamoto/0729yatsushiro_naname/naname/qv/thumbnail/1255.JPG"
   }
  },
  {
   "type": "Feature",
   "geometry": {
    "type": "Point",
    "coordinates": [
     130.603889,
     32.489722
    ]
   },
   "properties": {
    "district": "八代地区",
    "photo_no": "1256",
    "captured_at": "2026-07-29T12:48:04+09:00",
    "viewer_url": "https://saigai.gsi.go.jp/1/index_dmc.html?R8_kumamoto/0729yatsushiro_naname/naname/qv/1256.JPG&0.00deg",
    "thumbnail_url": "https://saigai.gsi.go.jp/1/R8_kumamoto/0729yatsushiro_naname/naname/qv/thumbnail/1256.JPG"
   }
  },
  {
   "type": "Feature",
   "geometry": {
    "type": "Point",
    "coordinates": [
     130.600833,
     32.486111
    ]
   },
   "properties": {
    "district": "八代地区",
    "photo_no": "1257",
    "captured_at": "2026-07-29T12:48:10+09:00",
    "viewer_url": "https://saigai.gsi.go.jp/1/index_dmc.html?R8_kumamoto/0729yatsushiro_naname/naname/qv/1257.JPG&0.00deg",
    "thumbnail_url": "https://saigai.gsi.go.jp/1/R8_kumamoto/0729yatsushiro_naname/naname/qv/thumbnail/1257.JPG"
   }
  },
  {
   "type": "Feature",
   "geometry": {
    "type": "Point",
    "coordinates": [
     130.596667,
     32.481667
    ]
   },
   "properties": {
    "district": "八代地区",
    "photo_no": "1258",
    "captured_at": "2026-07-29T12:48:18+09:00",
    "viewer_url": "https://saigai.gsi.go.jp/1/index_dmc.html?R8_kumamoto/0729yatsushiro_naname/naname/qv/1258.JPG&0.00deg",
    "thumbnail_url": "https://saigai.gsi.go.jp/1/R8_kumamoto/0729yatsushiro_naname/naname/qv/thumbnail/1258.JPG"
   }
  },
  {
   "type": "Feature",
   "geometry": {
    "type": "Point",
    "coordinates": [
     130.593611,
     32.478056
    ]
   },
   "properties": {
    "district": "八代地区",
    "photo_no": "1259",
    "captured_at": "2026-07-29T12:48:25+09:00",
    "viewer_url": "https://saigai.gsi.go.jp/1/index_dmc.html?R8_kumamoto/0729yatsushiro_naname/naname/qv/1259.JPG&0.00deg",
    "thumbnail_url": "https://saigai.gsi.go.jp/1/R8_kumamoto/0729yatsushiro_naname/naname/qv/thumbnail/1259.JPG"
   }
  },
  {
   "type": "Feature",
   "geometry": {
    "type": "Point",
    "coordinates": [
     130.590278,
     32.473889
    ]
   },
   "properties": {
    "district": "八代地区",
    "photo_no": "1260",
    "captured_at": "2026-07-29T12:48:32+09:00",
    "viewer_url": "https://saigai.gsi.go.jp/1/index_dmc.html?R8_kumamoto/0729yatsushiro_naname/naname/qv/1260.JPG&0.00deg",
    "thumbnail_url": "https://saigai.gsi.go.jp/1/R8_kumamoto/0729yatsushiro_naname/naname/qv/thumbnail/1260.JPG"
   }
  },
  {
   "type": "Feature",
   "geometry": {
    "type": "Point",
    "coordinates": [
     130.587222,
     32.470556
    ]
   },
   "properties": {
    "district": "八代地区",
    "photo_no": "1261",
    "captured_at": "2026-07-29T12:48:37+09:00",
    "viewer_url": "https://saigai.gsi.go.jp/1/index_dmc.html?R8_kumamoto/0729yatsushiro_naname/naname/qv/1261.JPG&0.00deg",
    "thumbnail_url": "https://saigai.gsi.go.jp/1/R8_kumamoto/0729yatsushiro_naname/naname/qv/thumbnail/1261.JPG"
   }
  },
  {
   "type": "Feature",
   "geometry": {
    "type": "Point",
    "coordinates": [
     130.583611,
     32.466389
    ]
   },
   "properties": {
    "district": "八代地区",
    "photo_no": "1262",
    "captured_at": "2026-07-29T12:48:44+09:00",
    "viewer_url": "https://saigai.gsi.go.jp/1/index_dmc.html?R8_kumamoto/0729yatsushiro_naname/naname/qv/1262.JPG&0.00deg",
    "thumbnail_url": "https://saigai.gsi.go.jp/1/R8_kumamoto/0729yatsushiro_naname/naname/qv/thumbnail/1262.JPG"
   }
  },
  {
   "type": "Feature",
   "geometry": {
    "type": "Point",
    "coordinates": [
     130.580556,
     32.462778
    ]
   },
   "properties": {
    "district": "八代地区",
    "photo_no": "1263",
    "captured_at": "2026-07-29T12:48:50+09:00",
    "viewer_url": "https://saigai.gsi.go.jp/1/index_dmc.html?R8_kumamoto/0729yatsushiro_naname/naname/qv/1263.JPG&0.00deg",
    "thumbnail_url": "https://saigai.gsi.go.jp/1/R8_kumamoto/0729yatsushiro_naname/naname/qv/thumbnail/1263.JPG"
   }
  },
  {
   "type": "Feature",
   "geometry": {
    "type": "Point",
    "coordinates": [
     130.576944,
     32.458889
    ]
   },
   "properties": {
    "district": "八代地区",
    "photo_no": "1264",
    "captured_at": "2026-07-29T12:48:57+09:00",
    "viewer_url": "https://saigai.gsi.go.jp/1/index_dmc.html?R8_kumamoto/0729yatsushiro_naname/naname/qv/1264.JPG&0.00deg",
    "thumbnail_url": "https://saigai.gsi.go.jp/1/R8_kumamoto/0729yatsushiro_naname/naname/qv/thumbnail/1264.JPG"
   }
  },
  {
   "type": "Feature",
   "geometry": {
    "type": "Point",
    "coordinates": [
     130.573889,
     32.455278
    ]
   },
   "properties": {
    "district": "八代地区",
    "photo_no": "1265",
    "captured_at": "2026-07-29T12:49:03+09:00",
    "viewer_url": "https://saigai.gsi.go.jp/1/index_dmc.html?R8_kumamoto/0729yatsushiro_naname/naname/qv/1265.JPG&0.00deg",
    "thumbnail_url": "https://saigai.gsi.go.jp/1/R8_kumamoto/0729yatsushiro_naname/naname/qv/thumbnail/1265.JPG"
   }
  },
  {
   "type": "Feature",
   "geometry": {
    "type": "Point",
    "coordinates": [
     130.570833,
     32.451944
    ]
   },
   "properties": {
    "district": "八代地区",
    "photo_no": "1266",
    "captured_at": "2026-07-29T12:49:09+09:00",
    "viewer_url": "https://saigai.gsi.go.jp/1/index_dmc.html?R8_kumamoto/0729yatsushiro_naname/naname/qv/1266.JPG&0.00deg",
    "thumbnail_url": "https://saigai.gsi.go.jp/1/R8_kumamoto/0729yatsushiro_naname/naname/qv/thumbnail/1266.JPG"
   }
  },
  {
   "type": "Feature",
   "geometry": {
    "type": "Point",
    "coordinates": [
     130.567778,
     32.448333
    ]
   },
   "properties": {
    "district": "八代地区",
    "photo_no": "1267",
    "captured_at": "2026-07-29T12:49:16+09:00",
    "viewer_url": "https://saigai.gsi.go.jp/1/index_dmc.html?R8_kumamoto/0729yatsushiro_naname/naname/qv/1267.JPG&0.00deg",
    "thumbnail_url": "https://saigai.gsi.go.jp/1/R8_kumamoto/0729yatsushiro_naname/naname/qv/thumbnail/1267.JPG"
   }
  },
  {
   "type": "Feature",
   "geometry": {
    "type": "Point",
    "coordinates": [
     130.564722,
     32.444722
    ]
   },
   "properties": {
    "district": "八代地区",
    "photo_no": "1268",
    "captured_at": "2026-07-29T12:49:21+09:00",
    "viewer_url": "https://saigai.gsi.go.jp/1/index_dmc.html?R8_kumamoto/0729yatsushiro_naname/naname/qv/1268.JPG&0.00deg",
    "thumbnail_url": "https://saigai.gsi.go.jp/1/R8_kumamoto/0729yatsushiro_naname/naname/qv/thumbnail/1268.JPG"
   }
  },
  {
   "type": "Feature",
   "geometry": {
    "type": "Point",
    "coordinates": [
     130.561389,
     32.441389
    ]
   },
   "properties": {
    "district": "八代地区",
    "photo_no": "1269",
    "captured_at": "2026-07-29T12:49:27+09:00",
    "viewer_url": "https://saigai.gsi.go.jp/1/index_dmc.html?R8_kumamoto/0729yatsushiro_naname/naname/qv/1269.JPG&0.00deg",
    "thumbnail_url": "https://saigai.gsi.go.jp/1/R8_kumamoto/0729yatsushiro_naname/naname/qv/thumbnail/1269.JPG"
   }
  },
  {
   "type": "Feature",
   "geometry": {
    "type": "Point",
    "coordinates": [
     130.557778,
     32.437222
    ]
   },
   "properties": {
    "district": "八代地区",
    "photo_no": "1270",
    "captured_at": "2026-07-29T12:49:34+09:00",
    "viewer_url": "https://saigai.gsi.go.jp/1/index_dmc.html?R8_kumamoto/0729yatsushiro_naname/naname/qv/1270.JPG&0.00deg",
    "thumbnail_url": "https://saigai.gsi.go.jp/1/R8_kumamoto/0729yatsushiro_naname/naname/qv/thumbnail/1270.JPG"
   }
  },
  {
   "type": "Feature",
   "geometry": {
    "type": "Point",
    "coordinates": [
     130.554444,
     32.433889
    ]
   },
   "properties": {
    "district": "八代地区",
    "photo_no": "1271",
    "captured_at": "2026-07-29T12:49:40+09:00",
    "viewer_url": "https://saigai.gsi.go.jp/1/index_dmc.html?R8_kumamoto/0729yatsushiro_naname/naname/qv/1271.JPG&0.00deg",
    "thumbnail_url": "https://saigai.gsi.go.jp/1/R8_kumamoto/0729yatsushiro_naname/naname/qv/thumbnail/1271.JPG"
   }
  },
  {
   "type": "Feature",
   "geometry": {
    "type": "Point",
    "coordinates": [
     130.551944,
     32.430833
    ]
   },
   "properties": {
    "district": "八代地区",
    "photo_no": "1272",
    "captured_at": "2026-07-29T12:49:46+09:00",
    "viewer_url": "https://saigai.gsi.go.jp/1/index_dmc.html?R8_kumamoto/0729yatsushiro_naname/naname/qv/1272.JPG&0.00deg",
    "thumbnail_url": "https://saigai.gsi.go.jp/1/R8_kumamoto/0729yatsushiro_naname/naname/qv/thumbnail/1272.JPG"
   }
  },
  {
   "type": "Feature",
   "geometry": {
    "type": "Point",
    "coordinates": [
     130.547222,
     32.425278
    ]
   },
   "properties": {
    "district": "八代地区",
    "photo_no": "1273",
    "captured_at": "2026-07-29T12:49:54+09:00",
    "viewer_url": "https://saigai.gsi.go.jp/1/index_dmc.html?R8_kumamoto/0729yatsushiro_naname/naname/qv/1273.JPG&0.00deg",
    "thumbnail_url": "https://saigai.gsi.go.jp/1/R8_kumamoto/0729yatsushiro_naname/naname/qv/thumbnail/1273.JPG"
   }
  },
  {
   "type": "Feature",
   "geometry": {
    "type": "Point",
    "coordinates": [
     130.542222,
     32.419167
    ]
   },
   "properties": {
    "district": "八代地区",
    "photo_no": "1274",
    "captured_at": "2026-07-29T12:50:04+09:00",
    "viewer_url": "https://saigai.gsi.go.jp/1/index_dmc.html?R8_kumamoto/0729yatsushiro_naname/naname/qv/1274.JPG&0.00deg",
    "thumbnail_url": "https://saigai.gsi.go.jp/1/R8_kumamoto/0729yatsushiro_naname/naname/qv/thumbnail/1274.JPG"
   }
  },
  {
   "type": "Feature",
   "geometry": {
    "type": "Point",
    "coordinates": [
     130.538056,
     32.414444
    ]
   },
   "properties": {
    "district": "八代地区",
    "photo_no": "1275",
    "captured_at": "2026-07-29T12:50:13+09:00",
    "viewer_url": "https://saigai.gsi.go.jp/1/index_dmc.html?R8_kumamoto/0729yatsushiro_naname/naname/qv/1275.JPG&0.00deg",
    "thumbnail_url": "https://saigai.gsi.go.jp/1/R8_kumamoto/0729yatsushiro_naname/naname/qv/thumbnail/1275.JPG"
   }
  },
  {
   "type": "Feature",
   "geometry": {
    "type": "Point",
    "coordinates": [
     130.534722,
     32.410833
    ]
   },
   "properties": {
    "district": "八代地区",
    "photo_no": "1276",
    "captured_at": "2026-07-29T12:50:18+09:00",
    "viewer_url": "https://saigai.gsi.go.jp/1/index_dmc.html?R8_kumamoto/0729yatsushiro_naname/naname/qv/1276.JPG&0.00deg",
    "thumbnail_url": "https://saigai.gsi.go.jp/1/R8_kumamoto/0729yatsushiro_naname/naname/qv/thumbnail/1276.JPG"
   }
  },
  {
   "type": "Feature",
   "geometry": {
    "type": "Point",
    "coordinates": [
     130.531111,
     32.406667
    ]
   },
   "properties": {
    "district": "八代地区",
    "photo_no": "1277",
    "captured_at": "2026-07-29T12:50:25+09:00",
    "viewer_url": "https://saigai.gsi.go.jp/1/index_dmc.html?R8_kumamoto/0729yatsushiro_naname/naname/qv/1277.JPG&0.00deg",
    "thumbnail_url": "https://saigai.gsi.go.jp/1/R8_kumamoto/0729yatsushiro_naname/naname/qv/thumbnail/1277.JPG"
   }
  },
  {
   "type": "Feature",
   "geometry": {
    "type": "Point",
    "coordinates": [
     130.528056,
     32.403056
    ]
   },
   "properties": {
    "district": "八代地区",
    "photo_no": "1278",
    "captured_at": "2026-07-29T12:50:31+09:00",
    "viewer_url": "https://saigai.gsi.go.jp/1/index_dmc.html?R8_kumamoto/0729yatsushiro_naname/naname/qv/1278.JPG&0.00deg",
    "thumbnail_url": "https://saigai.gsi.go.jp/1/R8_kumamoto/0729yatsushiro_naname/naname/qv/thumbnail/1278.JPG"
   }
  },
  {
   "type": "Feature",
   "geometry": {
    "type": "Point",
    "coordinates": [
     130.523611,
     32.398333
    ]
   },
   "properties": {
    "district": "八代地区",
    "photo_no": "1279",
    "captured_at": "2026-07-29T12:50:40+09:00",
    "viewer_url": "https://saigai.gsi.go.jp/1/index_dmc.html?R8_kumamoto/0729yatsushiro_naname/naname/qv/1279.JPG&0.00deg",
    "thumbnail_url": "https://saigai.gsi.go.jp/1/R8_kumamoto/0729yatsushiro_naname/naname/qv/thumbnail/1279.JPG"
   }
  },
  {
   "type": "Feature",
   "geometry": {
    "type": "Point",
    "coordinates": [
     130.519722,
     32.394167
    ]
   },
   "properties": {
    "district": "八代地区",
    "photo_no": "1280",
    "captured_at": "2026-07-29T12:50:46+09:00",
    "viewer_url": "https://saigai.gsi.go.jp/1/index_dmc.html?R8_kumamoto/0729yatsushiro_naname/naname/qv/1280.JPG&0.00deg",
    "thumbnail_url": "https://saigai.gsi.go.jp/1/R8_kumamoto/0729yatsushiro_naname/naname/qv/thumbnail/1280.JPG"
   }
  },
  {
   "type": "Feature",
   "geometry": {
    "type": "Point",
    "coordinates": [
     130.516389,
     32.390556
    ]
   },
   "properties": {
    "district": "八代地区",
    "photo_no": "1281",
    "captured_at": "2026-07-29T12:50:52+09:00",
    "viewer_url": "https://saigai.gsi.go.jp/1/index_dmc.html?R8_kumamoto/0729yatsushiro_naname/naname/qv/1281.JPG&0.00deg",
    "thumbnail_url": "https://saigai.gsi.go.jp/1/R8_kumamoto/0729yatsushiro_naname/naname/qv/thumbnail/1281.JPG"
   }
  },
  {
   "type": "Feature",
   "geometry": {
    "type": "Point",
    "coordinates": [
     130.514444,
     32.388333
    ]
   },
   "properties": {
    "district": "八代地区",
    "photo_no": "1282",
    "captured_at": "2026-07-29T12:50:56+09:00",
    "viewer_url": "https://saigai.gsi.go.jp/1/index_dmc.html?R8_kumamoto/0729yatsushiro_naname/naname/qv/1282.JPG&0.00deg",
    "thumbnail_url": "https://saigai.gsi.go.jp/1/R8_kumamoto/0729yatsushiro_naname/naname/qv/thumbnail/1282.JPG"
   }
  },
  {
   "type": "Feature",
   "geometry": {
    "type": "Point",
    "coordinates": [
     130.512222,
     32.385833
    ]
   },
   "properties": {
    "district": "八代地区",
    "photo_no": "1283",
    "captured_at": "2026-07-29T12:51:00+09:00",
    "viewer_url": "https://saigai.gsi.go.jp/1/index_dmc.html?R8_kumamoto/0729yatsushiro_naname/naname/qv/1283.JPG&0.00deg",
    "thumbnail_url": "https://saigai.gsi.go.jp/1/R8_kumamoto/0729yatsushiro_naname/naname/qv/thumbnail/1283.JPG"
   }
  },
  {
   "type": "Feature",
   "geometry": {
    "type": "Point",
    "coordinates": [
     130.510556,
     32.383889
    ]
   },
   "properties": {
    "district": "八代地区",
    "photo_no": "1284",
    "captured_at": "2026-07-29T12:51:03+09:00",
    "viewer_url": "https://saigai.gsi.go.jp/1/index_dmc.html?R8_kumamoto/0729yatsushiro_naname/naname/qv/1284.JPG&0.00deg",
    "thumbnail_url": "https://saigai.gsi.go.jp/1/R8_kumamoto/0729yatsushiro_naname/naname/qv/thumbnail/1284.JPG"
   }
  },
  {
   "type": "Feature",
   "geometry": {
    "type": "Point",
    "coordinates": [
     130.5075,
     32.380278
    ]
   },
   "properties": {
    "district": "八代地区",
    "photo_no": "1285",
    "captured_at": "2026-07-29T12:51:09+09:00",
    "viewer_url": "https://saigai.gsi.go.jp/1/index_dmc.html?R8_kumamoto/0729yatsushiro_naname/naname/qv/1285.JPG&0.00deg",
    "thumbnail_url": "https://saigai.gsi.go.jp/1/R8_kumamoto/0729yatsushiro_naname/naname/qv/thumbnail/1285.JPG"
   }
  },
  {
   "type": "Feature",
   "geometry": {
    "type": "Point",
    "coordinates": [
     130.504722,
     32.377222
    ]
   },
   "properties": {
    "district": "八代地区",
    "photo_no": "1286",
    "captured_at": "2026-07-29T12:51:15+09:00",
    "viewer_url": "https://saigai.gsi.go.jp/1/index_dmc.html?R8_kumamoto/0729yatsushiro_naname/naname/qv/1286.JPG&0.00deg",
    "thumbnail_url": "https://saigai.gsi.go.jp/1/R8_kumamoto/0729yatsushiro_naname/naname/qv/thumbnail/1286.JPG"
   }
  },
  {
   "type": "Feature",
   "geometry": {
    "type": "Point",
    "coordinates": [
     130.501667,
     32.373611
    ]
   },
   "properties": {
    "district": "八代地区",
    "photo_no": "1287",
    "captured_at": "2026-07-29T12:51:20+09:00",
    "viewer_url": "https://saigai.gsi.go.jp/1/index_dmc.html?R8_kumamoto/0729yatsushiro_naname/naname/qv/1287.JPG&0.00deg",
    "thumbnail_url": "https://saigai.gsi.go.jp/1/R8_kumamoto/0729yatsushiro_naname/naname/qv/thumbnail/1287.JPG"
   }
  },
  {
   "type": "Feature",
   "geometry": {
    "type": "Point",
    "coordinates": [
     130.499167,
     32.370556
    ]
   },
   "properties": {
    "district": "八代地区",
    "photo_no": "1288",
    "captured_at": "2026-07-29T12:51:25+09:00",
    "viewer_url": "https://saigai.gsi.go.jp/1/index_dmc.html?R8_kumamoto/0729yatsushiro_naname/naname/qv/1288.JPG&0.00deg",
    "thumbnail_url": "https://saigai.gsi.go.jp/1/R8_kumamoto/0729yatsushiro_naname/naname/qv/thumbnail/1288.JPG"
   }
  },
  {
   "type": "Feature",
   "geometry": {
    "type": "Point",
    "coordinates": [
     130.496944,
     32.368056
    ]
   },
   "properties": {
    "district": "八代地区",
    "photo_no": "1289",
    "captured_at": "2026-07-29T12:51:29+09:00",
    "viewer_url": "https://saigai.gsi.go.jp/1/index_dmc.html?R8_kumamoto/0729yatsushiro_naname/naname/qv/1289.JPG&0.00deg",
    "thumbnail_url": "https://saigai.gsi.go.jp/1/R8_kumamoto/0729yatsushiro_naname/naname/qv/thumbnail/1289.JPG"
   }
  },
  {
   "type": "Feature",
   "geometry": {
    "type": "Point",
    "coordinates": [
     130.492778,
     32.363056
    ]
   },
   "properties": {
    "district": "八代地区",
    "photo_no": "1290",
    "captured_at": "2026-07-29T12:51:37+09:00",
    "viewer_url": "https://saigai.gsi.go.jp/1/index_dmc.html?R8_kumamoto/0729yatsushiro_naname/naname/qv/1290.JPG&0.00deg",
    "thumbnail_url": "https://saigai.gsi.go.jp/1/R8_kumamoto/0729yatsushiro_naname/naname/qv/thumbnail/1290.JPG"
   }
  },
  {
   "type": "Feature",
   "geometry": {
    "type": "Point",
    "coordinates": [
     130.488333,
     32.358333
    ]
   },
   "properties": {
    "district": "八代地区",
    "photo_no": "1291",
    "captured_at": "2026-07-29T12:51:46+09:00",
    "viewer_url": "https://saigai.gsi.go.jp/1/index_dmc.html?R8_kumamoto/0729yatsushiro_naname/naname/qv/1291.JPG&0.00deg",
    "thumbnail_url": "https://saigai.gsi.go.jp/1/R8_kumamoto/0729yatsushiro_naname/naname/qv/thumbnail/1291.JPG"
   }
  },
  {
   "type": "Feature",
   "geometry": {
    "type": "Point",
    "coordinates": [
     130.485833,
     32.355278
    ]
   },
   "properties": {
    "district": "八代地区",
    "photo_no": "1292",
    "captured_at": "2026-07-29T12:51:50+09:00",
    "viewer_url": "https://saigai.gsi.go.jp/1/index_dmc.html?R8_kumamoto/0729yatsushiro_naname/naname/qv/1292.JPG&0.00deg",
    "thumbnail_url": "https://saigai.gsi.go.jp/1/R8_kumamoto/0729yatsushiro_naname/naname/qv/thumbnail/1292.JPG"
   }
  },
  {
   "type": "Feature",
   "geometry": {
    "type": "Point",
    "coordinates": [
     130.483056,
     32.352222
    ]
   },
   "properties": {
    "district": "八代地区",
    "photo_no": "1293",
    "captured_at": "2026-07-29T12:51:55+09:00",
    "viewer_url": "https://saigai.gsi.go.jp/1/index_dmc.html?R8_kumamoto/0729yatsushiro_naname/naname/qv/1293.JPG&0.00deg",
    "thumbnail_url": "https://saigai.gsi.go.jp/1/R8_kumamoto/0729yatsushiro_naname/naname/qv/thumbnail/1293.JPG"
   }
  },
  {
   "type": "Feature",
   "geometry": {
    "type": "Point",
    "coordinates": [
     130.480833,
     32.349722
    ]
   },
   "properties": {
    "district": "八代地区",
    "photo_no": "1294",
    "captured_at": "2026-07-29T12:51:59+09:00",
    "viewer_url": "https://saigai.gsi.go.jp/1/index_dmc.html?R8_kumamoto/0729yatsushiro_naname/naname/qv/1294.JPG&0.00deg",
    "thumbnail_url": "https://saigai.gsi.go.jp/1/R8_kumamoto/0729yatsushiro_naname/naname/qv/thumbnail/1294.JPG"
   }
  },
  {
   "type": "Feature",
   "geometry": {
    "type": "Point",
    "coordinates": [
     130.477778,
     32.346111
    ]
   },
   "properties": {
    "district": "八代地区",
    "photo_no": "1295",
    "captured_at": "2026-07-29T12:52:06+09:00",
    "viewer_url": "https://saigai.gsi.go.jp/1/index_dmc.html?R8_kumamoto/0729yatsushiro_naname/naname/qv/1295.JPG&0.00deg",
    "thumbnail_url": "https://saigai.gsi.go.jp/1/R8_kumamoto/0729yatsushiro_naname/naname/qv/thumbnail/1295.JPG"
   }
  },
  {
   "type": "Feature",
   "geometry": {
    "type": "Point",
    "coordinates": [
     130.475,
     32.343056
    ]
   },
   "properties": {
    "district": "八代地区",
    "photo_no": "1296",
    "captured_at": "2026-07-29T12:52:11+09:00",
    "viewer_url": "https://saigai.gsi.go.jp/1/index_dmc.html?R8_kumamoto/0729yatsushiro_naname/naname/qv/1296.JPG&0.00deg",
    "thumbnail_url": "https://saigai.gsi.go.jp/1/R8_kumamoto/0729yatsushiro_naname/naname/qv/thumbnail/1296.JPG"
   }
  },
  {
   "type": "Feature",
   "geometry": {
    "type": "Point",
    "coordinates": [
     130.471667,
     32.339444
    ]
   },
   "properties": {
    "district": "八代地区",
    "photo_no": "1297",
    "captured_at": "2026-07-29T12:52:16+09:00",
    "viewer_url": "https://saigai.gsi.go.jp/1/index_dmc.html?R8_kumamoto/0729yatsushiro_naname/naname/qv/1297.JPG&0.00deg",
    "thumbnail_url": "https://saigai.gsi.go.jp/1/R8_kumamoto/0729yatsushiro_naname/naname/qv/thumbnail/1297.JPG"
   }
  },
  {
   "type": "Feature",
   "geometry": {
    "type": "Point",
    "coordinates": [
     130.469167,
     32.336389
    ]
   },
   "properties": {
    "district": "八代地区",
    "photo_no": "1298",
    "captured_at": "2026-07-29T12:52:21+09:00",
    "viewer_url": "https://saigai.gsi.go.jp/1/index_dmc.html?R8_kumamoto/0729yatsushiro_naname/naname/qv/1298.JPG&0.00deg",
    "thumbnail_url": "https://saigai.gsi.go.jp/1/R8_kumamoto/0729yatsushiro_naname/naname/qv/thumbnail/1298.JPG"
   }
  },
  {
   "type": "Feature",
   "geometry": {
    "type": "Point",
    "coordinates": [
     130.465833,
     32.332778
    ]
   },
   "properties": {
    "district": "八代地区",
    "photo_no": "1299",
    "captured_at": "2026-07-29T12:52:27+09:00",
    "viewer_url": "https://saigai.gsi.go.jp/1/index_dmc.html?R8_kumamoto/0729yatsushiro_naname/naname/qv/1299.JPG&0.00deg",
    "thumbnail_url": "https://saigai.gsi.go.jp/1/R8_kumamoto/0729yatsushiro_naname/naname/qv/thumbnail/1299.JPG"
   }
  },
  {
   "type": "Feature",
   "geometry": {
    "type": "Point",
    "coordinates": [
     130.4625,
     32.329167
    ]
   },
   "properties": {
    "district": "八代地区",
    "photo_no": "1300",
    "captured_at": "2026-07-29T12:52:33+09:00",
    "viewer_url": "https://saigai.gsi.go.jp/1/index_dmc.html?R8_kumamoto/0729yatsushiro_naname/naname/qv/1300.JPG&0.00deg",
    "thumbnail_url": "https://saigai.gsi.go.jp/1/R8_kumamoto/0729yatsushiro_naname/naname/qv/thumbnail/1300.JPG"
   }
  },
  {
   "type": "Feature",
   "geometry": {
    "type": "Point",
    "coordinates": [
     130.459722,
     32.326111
    ]
   },
   "properties": {
    "district": "八代地区",
    "photo_no": "1301",
    "captured_at": "2026-07-29T12:52:38+09:00",
    "viewer_url": "https://saigai.gsi.go.jp/1/index_dmc.html?R8_kumamoto/0729yatsushiro_naname/naname/qv/1301.JPG&0.00deg",
    "thumbnail_url": "https://saigai.gsi.go.jp/1/R8_kumamoto/0729yatsushiro_naname/naname/qv/thumbnail/1301.JPG"
   }
  },
  {
   "type": "Feature",
   "geometry": {
    "type": "Point",
    "coordinates": [
     130.457222,
     32.323056
    ]
   },
   "properties": {
    "district": "八代地区",
    "photo_no": "1302",
    "captured_at": "2026-07-29T12:52:43+09:00",
    "viewer_url": "https://saigai.gsi.go.jp/1/index_dmc.html?R8_kumamoto/0729yatsushiro_naname/naname/qv/1302.JPG&0.00deg",
    "thumbnail_url": "https://saigai.gsi.go.jp/1/R8_kumamoto/0729yatsushiro_naname/naname/qv/thumbnail/1302.JPG"
   }
  },
  {
   "type": "Feature",
   "geometry": {
    "type": "Point",
    "coordinates": [
     130.453889,
     32.319444
    ]
   },
   "properties": {
    "district": "八代地区",
    "photo_no": "1303",
    "captured_at": "2026-07-29T12:52:49+09:00",
    "viewer_url": "https://saigai.gsi.go.jp/1/index_dmc.html?R8_kumamoto/0729yatsushiro_naname/naname/qv/1303.JPG&0.00deg",
    "thumbnail_url": "https://saigai.gsi.go.jp/1/R8_kumamoto/0729yatsushiro_naname/naname/qv/thumbnail/1303.JPG"
   }
  },
  {
   "type": "Feature",
   "geometry": {
    "type": "Point",
    "coordinates": [
     130.451944,
     32.316944
    ]
   },
   "properties": {
    "district": "八代地区",
    "photo_no": "1304",
    "captured_at": "2026-07-29T12:52:53+09:00",
    "viewer_url": "https://saigai.gsi.go.jp/1/index_dmc.html?R8_kumamoto/0729yatsushiro_naname/naname/qv/1304.JPG&0.00deg",
    "thumbnail_url": "https://saigai.gsi.go.jp/1/R8_kumamoto/0729yatsushiro_naname/naname/qv/thumbnail/1304.JPG"
   }
  },
  {
   "type": "Feature",
   "geometry": {
    "type": "Point",
    "coordinates": [
     130.449444,
     32.313889
    ]
   },
   "properties": {
    "district": "八代地区",
    "photo_no": "1305",
    "captured_at": "2026-07-29T12:52:58+09:00",
    "viewer_url": "https://saigai.gsi.go.jp/1/index_dmc.html?R8_kumamoto/0729yatsushiro_naname/naname/qv/1305.JPG&0.00deg",
    "thumbnail_url": "https://saigai.gsi.go.jp/1/R8_kumamoto/0729yatsushiro_naname/naname/qv/thumbnail/1305.JPG"
   }
  },
  {
   "type": "Feature",
   "geometry": {
    "type": "Point",
    "coordinates": [
     130.446667,
     32.310833
    ]
   },
   "properties": {
    "district": "八代地区",
    "photo_no": "1306",
    "captured_at": "2026-07-29T12:53:04+09:00",
    "viewer_url": "https://saigai.gsi.go.jp/1/index_dmc.html?R8_kumamoto/0729yatsushiro_naname/naname/qv/1306.JPG&0.00deg",
    "thumbnail_url": "https://saigai.gsi.go.jp/1/R8_kumamoto/0729yatsushiro_naname/naname/qv/thumbnail/1306.JPG"
   }
  },
  {
   "type": "Feature",
   "geometry": {
    "type": "Point",
    "coordinates": [
     130.458056,
     32.350556
    ]
   },
   "properties": {
    "district": "八代地区",
    "photo_no": "1165",
    "captured_at": "2026-07-29T12:34:34+09:00",
    "viewer_url": "https://saigai.gsi.go.jp/1/index_dmc.html?R8_kumamoto/0729yatsushiro_naname/naname/qv/1165.JPG&0.00deg",
    "thumbnail_url": "https://saigai.gsi.go.jp/1/R8_kumamoto/0729yatsushiro_naname/naname/qv/thumbnail/1165.JPG"
   }
  },
  {
   "type": "Feature",
   "geometry": {
    "type": "Point",
    "coordinates": [
     130.46,
     32.352778
    ]
   },
   "properties": {
    "district": "八代地区",
    "photo_no": "1166",
    "captured_at": "2026-07-29T12:34:38+09:00",
    "viewer_url": "https://saigai.gsi.go.jp/1/index_dmc.html?R8_kumamoto/0729yatsushiro_naname/naname/qv/1166.JPG&0.00deg",
    "thumbnail_url": "https://saigai.gsi.go.jp/1/R8_kumamoto/0729yatsushiro_naname/naname/qv/thumbnail/1166.JPG"
   }
  },
  {
   "type": "Feature",
   "geometry": {
    "type": "Point",
    "coordinates": [
     130.461667,
     32.354722
    ]
   },
   "properties": {
    "district": "八代地区",
    "photo_no": "1167",
    "captured_at": "2026-07-29T12:34:42+09:00",
    "viewer_url": "https://saigai.gsi.go.jp/1/index_dmc.html?R8_kumamoto/0729yatsushiro_naname/naname/qv/1167.JPG&0.00deg",
    "thumbnail_url": "https://saigai.gsi.go.jp/1/R8_kumamoto/0729yatsushiro_naname/naname/qv/thumbnail/1167.JPG"
   }
  },
  {
   "type": "Feature",
   "geometry": {
    "type": "Point",
    "coordinates": [
     130.464444,
     32.358056
    ]
   },
   "properties": {
    "district": "八代地区",
    "photo_no": "1168",
    "captured_at": "2026-07-29T12:34:48+09:00",
    "viewer_url": "https://saigai.gsi.go.jp/1/index_dmc.html?R8_kumamoto/0729yatsushiro_naname/naname/qv/1168.JPG&0.00deg",
    "thumbnail_url": "https://saigai.gsi.go.jp/1/R8_kumamoto/0729yatsushiro_naname/naname/qv/thumbnail/1168.JPG"
   }
  },
  {
   "type": "Feature",
   "geometry": {
    "type": "Point",
    "coordinates": [
     130.465833,
     32.359444
    ]
   },
   "properties": {
    "district": "八代地区",
    "photo_no": "1169",
    "captured_at": "2026-07-29T12:34:53+09:00",
    "viewer_url": "https://saigai.gsi.go.jp/1/index_dmc.html?R8_kumamoto/0729yatsushiro_naname/naname/qv/1169.JPG&0.00deg",
    "thumbnail_url": "https://saigai.gsi.go.jp/1/R8_kumamoto/0729yatsushiro_naname/naname/qv/thumbnail/1169.JPG"
   }
  },
  {
   "type": "Feature",
   "geometry": {
    "type": "Point",
    "coordinates": [
     130.468611,
     32.362778
    ]
   },
   "properties": {
    "district": "八代地区",
    "photo_no": "1170",
    "captured_at": "2026-07-29T12:34:57+09:00",
    "viewer_url": "https://saigai.gsi.go.jp/1/index_dmc.html?R8_kumamoto/0729yatsushiro_naname/naname/qv/1170.JPG&0.00deg",
    "thumbnail_url": "https://saigai.gsi.go.jp/1/R8_kumamoto/0729yatsushiro_naname/naname/qv/thumbnail/1170.JPG"
   }
  },
  {
   "type": "Feature",
   "geometry": {
    "type": "Point",
    "coordinates": [
     130.472222,
     32.366667
    ]
   },
   "properties": {
    "district": "八代地区",
    "photo_no": "1171",
    "captured_at": "2026-07-29T12:35:05+09:00",
    "viewer_url": "https://saigai.gsi.go.jp/1/index_dmc.html?R8_kumamoto/0729yatsushiro_naname/naname/qv/1171.JPG&0.00deg",
    "thumbnail_url": "https://saigai.gsi.go.jp/1/R8_kumamoto/0729yatsushiro_naname/naname/qv/thumbnail/1171.JPG"
   }
  },
  {
   "type": "Feature",
   "geometry": {
    "type": "Point",
    "coordinates": [
     130.474167,
     32.368889
    ]
   },
   "properties": {
    "district": "八代地区",
    "photo_no": "1172",
    "captured_at": "2026-07-29T12:35:09+09:00",
    "viewer_url": "https://saigai.gsi.go.jp/1/index_dmc.html?R8_kumamoto/0729yatsushiro_naname/naname/qv/1172.JPG&0.00deg",
    "thumbnail_url": "https://saigai.gsi.go.jp/1/R8_kumamoto/0729yatsushiro_naname/naname/qv/thumbnail/1172.JPG"
   }
  },
  {
   "type": "Feature",
   "geometry": {
    "type": "Point",
    "coordinates": [
     130.4775,
     32.3725
    ]
   },
   "properties": {
    "district": "八代地区",
    "photo_no": "1173",
    "captured_at": "2026-07-29T12:35:16+09:00",
    "viewer_url": "https://saigai.gsi.go.jp/1/index_dmc.html?R8_kumamoto/0729yatsushiro_naname/naname/qv/1173.JPG&0.00deg",
    "thumbnail_url": "https://saigai.gsi.go.jp/1/R8_kumamoto/0729yatsushiro_naname/naname/qv/thumbnail/1173.JPG"
   }
  },
  {
   "type": "Feature",
   "geometry": {
    "type": "Point",
    "coordinates": [
     130.480833,
     32.376111
    ]
   },
   "properties": {
    "district": "八代地区",
    "photo_no": "1174",
    "captured_at": "2026-07-29T12:35:23+09:00",
    "viewer_url": "https://saigai.gsi.go.jp/1/index_dmc.html?R8_kumamoto/0729yatsushiro_naname/naname/qv/1174.JPG&0.00deg",
    "thumbnail_url": "https://saigai.gsi.go.jp/1/R8_kumamoto/0729yatsushiro_naname/naname/qv/thumbnail/1174.JPG"
   }
  },
  {
   "type": "Feature",
   "geometry": {
    "type": "Point",
    "coordinates": [
     130.483611,
     32.379167
    ]
   },
   "properties": {
    "district": "八代地区",
    "photo_no": "1175",
    "captured_at": "2026-07-29T12:35:29+09:00",
    "viewer_url": "https://saigai.gsi.go.jp/1/index_dmc.html?R8_kumamoto/0729yatsushiro_naname/naname/qv/1175.JPG&0.00deg",
    "thumbnail_url": "https://saigai.gsi.go.jp/1/R8_kumamoto/0729yatsushiro_naname/naname/qv/thumbnail/1175.JPG"
   }
  },
  {
   "type": "Feature",
   "geometry": {
    "type": "Point",
    "coordinates": [
     130.486389,
     32.382222
    ]
   },
   "properties": {
    "district": "八代地区",
    "photo_no": "1176",
    "captured_at": "2026-07-29T12:35:35+09:00",
    "viewer_url": "https://saigai.gsi.go.jp/1/index_dmc.html?R8_kumamoto/0729yatsushiro_naname/naname/qv/1176.JPG&0.00deg",
    "thumbnail_url": "https://saigai.gsi.go.jp/1/R8_kumamoto/0729yatsushiro_naname/naname/qv/thumbnail/1176.JPG"
   }
  },
  {
   "type": "Feature",
   "geometry": {
    "type": "Point",
    "coordinates": [
     130.488611,
     32.385
    ]
   },
   "properties": {
    "district": "八代地区",
    "photo_no": "1177",
    "captured_at": "2026-07-29T12:35:41+09:00",
    "viewer_url": "https://saigai.gsi.go.jp/1/index_dmc.html?R8_kumamoto/0729yatsushiro_naname/naname/qv/1177.JPG&0.00deg",
    "thumbnail_url": "https://saigai.gsi.go.jp/1/R8_kumamoto/0729yatsushiro_naname/naname/qv/thumbnail/1177.JPG"
   }
  },
  {
   "type": "Feature",
   "geometry": {
    "type": "Point",
    "coordinates": [
     130.490833,
     32.387778
    ]
   },
   "properties": {
    "district": "八代地区",
    "photo_no": "1178",
    "captured_at": "2026-07-29T12:35:45+09:00",
    "viewer_url": "https://saigai.gsi.go.jp/1/index_dmc.html?R8_kumamoto/0729yatsushiro_naname/naname/qv/1178.JPG&0.00deg",
    "thumbnail_url": "https://saigai.gsi.go.jp/1/R8_kumamoto/0729yatsushiro_naname/naname/qv/thumbnail/1178.JPG"
   }
  },
  {
   "type": "Feature",
   "geometry": {
    "type": "Point",
    "coordinates": [
     130.493611,
     32.390833
    ]
   },
   "properties": {
    "district": "八代地区",
    "photo_no": "1179",
    "captured_at": "2026-07-29T12:35:51+09:00",
    "viewer_url": "https://saigai.gsi.go.jp/1/index_dmc.html?R8_kumamoto/0729yatsushiro_naname/naname/qv/1179.JPG&0.00deg",
    "thumbnail_url": "https://saigai.gsi.go.jp/1/R8_kumamoto/0729yatsushiro_naname/naname/qv/thumbnail/1179.JPG"
   }
  },
  {
   "type": "Feature",
   "geometry": {
    "type": "Point",
    "coordinates": [
     130.496389,
     32.394167
    ]
   },
   "properties": {
    "district": "八代地区",
    "photo_no": "1180",
    "captured_at": "2026-07-29T12:35:58+09:00",
    "viewer_url": "https://saigai.gsi.go.jp/1/index_dmc.html?R8_kumamoto/0729yatsushiro_naname/naname/qv/1180.JPG&0.00deg",
    "thumbnail_url": "https://saigai.gsi.go.jp/1/R8_kumamoto/0729yatsushiro_naname/naname/qv/thumbnail/1180.JPG"
   }
  },
  {
   "type": "Feature",
   "geometry": {
    "type": "Point",
    "coordinates": [
     130.5,
     32.398333
    ]
   },
   "properties": {
    "district": "八代地区",
    "photo_no": "1181",
    "captured_at": "2026-07-29T12:36:05+09:00",
    "viewer_url": "https://saigai.gsi.go.jp/1/index_dmc.html?R8_kumamoto/0729yatsushiro_naname/naname/qv/1181.JPG&0.00deg",
    "thumbnail_url": "https://saigai.gsi.go.jp/1/R8_kumamoto/0729yatsushiro_naname/naname/qv/thumbnail/1181.JPG"
   }
  },
  {
   "type": "Feature",
   "geometry": {
    "type": "Point",
    "coordinates": [
     130.503889,
     32.4025
    ]
   },
   "properties": {
    "district": "八代地区",
    "photo_no": "1182",
    "captured_at": "2026-07-29T12:36:13+09:00",
    "viewer_url": "https://saigai.gsi.go.jp/1/index_dmc.html?R8_kumamoto/0729yatsushiro_naname/naname/qv/1182.JPG&0.00deg",
    "thumbnail_url": "https://saigai.gsi.go.jp/1/R8_kumamoto/0729yatsushiro_naname/naname/qv/thumbnail/1182.JPG"
   }
  },
  {
   "type": "Feature",
   "geometry": {
    "type": "Point",
    "coordinates": [
     130.506667,
     32.405556
    ]
   },
   "properties": {
    "district": "八代地区",
    "photo_no": "1183",
    "captured_at": "2026-07-29T12:36:19+09:00",
    "viewer_url": "https://saigai.gsi.go.jp/1/index_dmc.html?R8_kumamoto/0729yatsushiro_naname/naname/qv/1183.JPG&0.00deg",
    "thumbnail_url": "https://saigai.gsi.go.jp/1/R8_kumamoto/0729yatsushiro_naname/naname/qv/thumbnail/1183.JPG"
   }
  },
  {
   "type": "Feature",
   "geometry": {
    "type": "Point",
    "coordinates": [
     130.509722,
     32.408889
    ]
   },
   "properties": {
    "district": "八代地区",
    "photo_no": "1184",
    "captured_at": "2026-07-29T12:36:25+09:00",
    "viewer_url": "https://saigai.gsi.go.jp/1/index_dmc.html?R8_kumamoto/0729yatsushiro_naname/naname/qv/1184.JPG&0.00deg",
    "thumbnail_url": "https://saigai.gsi.go.jp/1/R8_kumamoto/0729yatsushiro_naname/naname/qv/thumbnail/1184.JPG"
   }
  },
  {
   "type": "Feature",
   "geometry": {
    "type": "Point",
    "coordinates": [
     130.516111,
     32.416111
    ]
   },
   "properties": {
    "district": "八代地区",
    "photo_no": "1185",
    "captured_at": "2026-07-29T12:36:39+09:00",
    "viewer_url": "https://saigai.gsi.go.jp/1/index_dmc.html?R8_kumamoto/0729yatsushiro_naname/naname/qv/1185.JPG&0.00deg",
    "thumbnail_url": "https://saigai.gsi.go.jp/1/R8_kumamoto/0729yatsushiro_naname/naname/qv/thumbnail/1185.JPG"
   }
  },
  {
   "type": "Feature",
   "geometry": {
    "type": "Point",
    "coordinates": [
     130.518333,
     32.418889
    ]
   },
   "properties": {
    "district": "八代地区",
    "photo_no": "1186",
    "captured_at": "2026-07-29T12:36:44+09:00",
    "viewer_url": "https://saigai.gsi.go.jp/1/index_dmc.html?R8_kumamoto/0729yatsushiro_naname/naname/qv/1186.JPG&0.00deg",
    "thumbnail_url": "https://saigai.gsi.go.jp/1/R8_kumamoto/0729yatsushiro_naname/naname/qv/thumbnail/1186.JPG"
   }
  },
  {
   "type": "Feature",
   "geometry": {
    "type": "Point",
    "coordinates": [
     130.521111,
     32.421944
    ]
   },
   "properties": {
    "district": "八代地区",
    "photo_no": "1187",
    "captured_at": "2026-07-29T12:36:51+09:00",
    "viewer_url": "https://saigai.gsi.go.jp/1/index_dmc.html?R8_kumamoto/0729yatsushiro_naname/naname/qv/1187.JPG&0.00deg",
    "thumbnail_url": "https://saigai.gsi.go.jp/1/R8_kumamoto/0729yatsushiro_naname/naname/qv/thumbnail/1187.JPG"
   }
  },
  {
   "type": "Feature",
   "geometry": {
    "type": "Point",
    "coordinates": [
     130.523889,
     32.425278
    ]
   },
   "properties": {
    "district": "八代地区",
    "photo_no": "1188",
    "captured_at": "2026-07-29T12:36:56+09:00",
    "viewer_url": "https://saigai.gsi.go.jp/1/index_dmc.html?R8_kumamoto/0729yatsushiro_naname/naname/qv/1188.JPG&0.00deg",
    "thumbnail_url": "https://saigai.gsi.go.jp/1/R8_kumamoto/0729yatsushiro_naname/naname/qv/thumbnail/1188.JPG"
   }
  },
  {
   "type": "Feature",
   "geometry": {
    "type": "Point",
    "coordinates": [
     130.526667,
     32.428333
    ]
   },
   "properties": {
    "district": "八代地区",
    "photo_no": "1189",
    "captured_at": "2026-07-29T12:37:03+09:00",
    "viewer_url": "https://saigai.gsi.go.jp/1/index_dmc.html?R8_kumamoto/0729yatsushiro_naname/naname/qv/1189.JPG&0.00deg",
    "thumbnail_url": "https://saigai.gsi.go.jp/1/R8_kumamoto/0729yatsushiro_naname/naname/qv/thumbnail/1189.JPG"
   }
  },
  {
   "type": "Feature",
   "geometry": {
    "type": "Point",
    "coordinates": [
     130.529444,
     32.431389
    ]
   },
   "properties": {
    "district": "八代地区",
    "photo_no": "1190",
    "captured_at": "2026-07-29T12:37:09+09:00",
    "viewer_url": "https://saigai.gsi.go.jp/1/index_dmc.html?R8_kumamoto/0729yatsushiro_naname/naname/qv/1190.JPG&0.00deg",
    "thumbnail_url": "https://saigai.gsi.go.jp/1/R8_kumamoto/0729yatsushiro_naname/naname/qv/thumbnail/1190.JPG"
   }
  },
  {
   "type": "Feature",
   "geometry": {
    "type": "Point",
    "coordinates": [
     130.532222,
     32.434722
    ]
   },
   "properties": {
    "district": "八代地区",
    "photo_no": "1191",
    "captured_at": "2026-07-29T12:37:15+09:00",
    "viewer_url": "https://saigai.gsi.go.jp/1/index_dmc.html?R8_kumamoto/0729yatsushiro_naname/naname/qv/1191.JPG&0.00deg",
    "thumbnail_url": "https://saigai.gsi.go.jp/1/R8_kumamoto/0729yatsushiro_naname/naname/qv/thumbnail/1191.JPG"
   }
  },
  {
   "type": "Feature",
   "geometry": {
    "type": "Point",
    "coordinates": [
     130.535556,
     32.438333
    ]
   },
   "properties": {
    "district": "八代地区",
    "photo_no": "1192",
    "captured_at": "2026-07-29T12:37:21+09:00",
    "viewer_url": "https://saigai.gsi.go.jp/1/index_dmc.html?R8_kumamoto/0729yatsushiro_naname/naname/qv/1192.JPG&0.00deg",
    "thumbnail_url": "https://saigai.gsi.go.jp/1/R8_kumamoto/0729yatsushiro_naname/naname/qv/thumbnail/1192.JPG"
   }
  },
  {
   "type": "Feature",
   "geometry": {
    "type": "Point",
    "coordinates": [
     130.537778,
     32.441111
    ]
   },
   "properties": {
    "district": "八代地区",
    "photo_no": "1193",
    "captured_at": "2026-07-29T12:37:27+09:00",
    "viewer_url": "https://saigai.gsi.go.jp/1/index_dmc.html?R8_kumamoto/0729yatsushiro_naname/naname/qv/1193.JPG&0.00deg",
    "thumbnail_url": "https://saigai.gsi.go.jp/1/R8_kumamoto/0729yatsushiro_naname/naname/qv/thumbnail/1193.JPG"
   }
  },
  {
   "type": "Feature",
   "geometry": {
    "type": "Point",
    "coordinates": [
     130.541111,
     32.444722
    ]
   },
   "properties": {
    "district": "八代地区",
    "photo_no": "1194",
    "captured_at": "2026-07-29T12:37:33+09:00",
    "viewer_url": "https://saigai.gsi.go.jp/1/index_dmc.html?R8_kumamoto/0729yatsushiro_naname/naname/qv/1194.JPG&0.00deg",
    "thumbnail_url": "https://saigai.gsi.go.jp/1/R8_kumamoto/0729yatsushiro_naname/naname/qv/thumbnail/1194.JPG"
   }
  },
  {
   "type": "Feature",
   "geometry": {
    "type": "Point",
    "coordinates": [
     130.545,
     32.448889
    ]
   },
   "properties": {
    "district": "八代地区",
    "photo_no": "1195",
    "captured_at": "2026-07-29T12:37:41+09:00",
    "viewer_url": "https://saigai.gsi.go.jp/1/index_dmc.html?R8_kumamoto/0729yatsushiro_naname/naname/qv/1195.JPG&0.00deg",
    "thumbnail_url": "https://saigai.gsi.go.jp/1/R8_kumamoto/0729yatsushiro_naname/naname/qv/thumbnail/1195.JPG"
   }
  },
  {
   "type": "Feature",
   "geometry": {
    "type": "Point",
    "coordinates": [
     130.547222,
     32.451389
    ]
   },
   "properties": {
    "district": "八代地区",
    "photo_no": "1196",
    "captured_at": "2026-07-29T12:37:46+09:00",
    "viewer_url": "https://saigai.gsi.go.jp/1/index_dmc.html?R8_kumamoto/0729yatsushiro_naname/naname/qv/1196.JPG&0.00deg",
    "thumbnail_url": "https://saigai.gsi.go.jp/1/R8_kumamoto/0729yatsushiro_naname/naname/qv/thumbnail/1196.JPG"
   }
  },
  {
   "type": "Feature",
   "geometry": {
    "type": "Point",
    "coordinates": [
     130.549444,
     32.454167
    ]
   },
   "properties": {
    "district": "八代地区",
    "photo_no": "1197",
    "captured_at": "2026-07-29T12:37:51+09:00",
    "viewer_url": "https://saigai.gsi.go.jp/1/index_dmc.html?R8_kumamoto/0729yatsushiro_naname/naname/qv/1197.JPG&0.00deg",
    "thumbnail_url": "https://saigai.gsi.go.jp/1/R8_kumamoto/0729yatsushiro_naname/naname/qv/thumbnail/1197.JPG"
   }
  },
  {
   "type": "Feature",
   "geometry": {
    "type": "Point",
    "coordinates": [
     130.551944,
     32.456667
    ]
   },
   "properties": {
    "district": "八代地区",
    "photo_no": "1198",
    "captured_at": "2026-07-29T12:37:56+09:00",
    "viewer_url": "https://saigai.gsi.go.jp/1/index_dmc.html?R8_kumamoto/0729yatsushiro_naname/naname/qv/1198.JPG&0.00deg",
    "thumbnail_url": "https://saigai.gsi.go.jp/1/R8_kumamoto/0729yatsushiro_naname/naname/qv/thumbnail/1198.JPG"
   }
  },
  {
   "type": "Feature",
   "geometry": {
    "type": "Point",
    "coordinates": [
     130.554167,
     32.459444
    ]
   },
   "properties": {
    "district": "八代地区",
    "photo_no": "1199",
    "captured_at": "2026-07-29T12:38:02+09:00",
    "viewer_url": "https://saigai.gsi.go.jp/1/index_dmc.html?R8_kumamoto/0729yatsushiro_naname/naname/qv/1199.JPG&0.00deg",
    "thumbnail_url": "https://saigai.gsi.go.jp/1/R8_kumamoto/0729yatsushiro_naname/naname/qv/thumbnail/1199.JPG"
   }
  },
  {
   "type": "Feature",
   "geometry": {
    "type": "Point",
    "coordinates": [
     130.5575,
     32.463056
    ]
   },
   "properties": {
    "district": "八代地区",
    "photo_no": "1200",
    "captured_at": "2026-07-29T12:38:08+09:00",
    "viewer_url": "https://saigai.gsi.go.jp/1/index_dmc.html?R8_kumamoto/0729yatsushiro_naname/naname/qv/1200.JPG&0.00deg",
    "thumbnail_url": "https://saigai.gsi.go.jp/1/R8_kumamoto/0729yatsushiro_naname/naname/qv/thumbnail/1200.JPG"
   }
  },
  {
   "type": "Feature",
   "geometry": {
    "type": "Point",
    "coordinates": [
     130.559722,
     32.465833
    ]
   },
   "properties": {
    "district": "八代地区",
    "photo_no": "1201",
    "captured_at": "2026-07-29T12:38:13+09:00",
    "viewer_url": "https://saigai.gsi.go.jp/1/index_dmc.html?R8_kumamoto/0729yatsushiro_naname/naname/qv/1201.JPG&0.00deg",
    "thumbnail_url": "https://saigai.gsi.go.jp/1/R8_kumamoto/0729yatsushiro_naname/naname/qv/thumbnail/1201.JPG"
   }
  },
  {
   "type": "Feature",
   "geometry": {
    "type": "Point",
    "coordinates": [
     130.561111,
     32.467222
    ]
   },
   "properties": {
    "district": "八代地区",
    "photo_no": "1202",
    "captured_at": "2026-07-29T12:38:16+09:00",
    "viewer_url": "https://saigai.gsi.go.jp/1/index_dmc.html?R8_kumamoto/0729yatsushiro_naname/naname/qv/1202.JPG&0.00deg",
    "thumbnail_url": "https://saigai.gsi.go.jp/1/R8_kumamoto/0729yatsushiro_naname/naname/qv/thumbnail/1202.JPG"
   }
  },
  {
   "type": "Feature",
   "geometry": {
    "type": "Point",
    "coordinates": [
     130.564444,
     32.471111
    ]
   },
   "properties": {
    "district": "八代地区",
    "photo_no": "1203",
    "captured_at": "2026-07-29T12:38:24+09:00",
    "viewer_url": "https://saigai.gsi.go.jp/1/index_dmc.html?R8_kumamoto/0729yatsushiro_naname/naname/qv/1203.JPG&0.00deg",
    "thumbnail_url": "https://saigai.gsi.go.jp/1/R8_kumamoto/0729yatsushiro_naname/naname/qv/thumbnail/1203.JPG"
   }
  },
  {
   "type": "Feature",
   "geometry": {
    "type": "Point",
    "coordinates": [
     130.567778,
     32.474722
    ]
   },
   "properties": {
    "district": "八代地区",
    "photo_no": "1204",
    "captured_at": "2026-07-29T12:38:31+09:00",
    "viewer_url": "https://saigai.gsi.go.jp/1/index_dmc.html?R8_kumamoto/0729yatsushiro_naname/naname/qv/1204.JPG&0.00deg",
    "thumbnail_url": "https://saigai.gsi.go.jp/1/R8_kumamoto/0729yatsushiro_naname/naname/qv/thumbnail/1204.JPG"
   }
  },
  {
   "type": "Feature",
   "geometry": {
    "type": "Point",
    "coordinates": [
     130.570556,
     32.477778
    ]
   },
   "properties": {
    "district": "八代地区",
    "photo_no": "1205",
    "captured_at": "2026-07-29T12:38:36+09:00",
    "viewer_url": "https://saigai.gsi.go.jp/1/index_dmc.html?R8_kumamoto/0729yatsushiro_naname/naname/qv/1205.JPG&0.00deg",
    "thumbnail_url": "https://saigai.gsi.go.jp/1/R8_kumamoto/0729yatsushiro_naname/naname/qv/thumbnail/1205.JPG"
   }
  },
  {
   "type": "Feature",
   "geometry": {
    "type": "Point",
    "coordinates": [
     130.573333,
     32.481111
    ]
   },
   "properties": {
    "district": "八代地区",
    "photo_no": "1206",
    "captured_at": "2026-07-29T12:38:42+09:00",
    "viewer_url": "https://saigai.gsi.go.jp/1/index_dmc.html?R8_kumamoto/0729yatsushiro_naname/naname/qv/1206.JPG&0.00deg",
    "thumbnail_url": "https://saigai.gsi.go.jp/1/R8_kumamoto/0729yatsushiro_naname/naname/qv/thumbnail/1206.JPG"
   }
  },
  {
   "type": "Feature",
   "geometry": {
    "type": "Point",
    "coordinates": [
     130.576667,
     32.484722
    ]
   },
   "properties": {
    "district": "八代地区",
    "photo_no": "1207",
    "captured_at": "2026-07-29T12:38:49+09:00",
    "viewer_url": "https://saigai.gsi.go.jp/1/index_dmc.html?R8_kumamoto/0729yatsushiro_naname/naname/qv/1207.JPG&0.00deg",
    "thumbnail_url": "https://saigai.gsi.go.jp/1/R8_kumamoto/0729yatsushiro_naname/naname/qv/thumbnail/1207.JPG"
   }
  },
  {
   "type": "Feature",
   "geometry": {
    "type": "Point",
    "coordinates": [
     130.579444,
     32.487778
    ]
   },
   "properties": {
    "district": "八代地区",
    "photo_no": "1208",
    "captured_at": "2026-07-29T12:38:55+09:00",
    "viewer_url": "https://saigai.gsi.go.jp/1/index_dmc.html?R8_kumamoto/0729yatsushiro_naname/naname/qv/1208.JPG&0.00deg",
    "thumbnail_url": "https://saigai.gsi.go.jp/1/R8_kumamoto/0729yatsushiro_naname/naname/qv/thumbnail/1208.JPG"
   }
  },
  {
   "type": "Feature",
   "geometry": {
    "type": "Point",
    "coordinates": [
     130.581667,
     32.490556
    ]
   },
   "properties": {
    "district": "八代地区",
    "photo_no": "1209",
    "captured_at": "2026-07-29T12:39:00+09:00",
    "viewer_url": "https://saigai.gsi.go.jp/1/index_dmc.html?R8_kumamoto/0729yatsushiro_naname/naname/qv/1209.JPG&0.00deg",
    "thumbnail_url": "https://saigai.gsi.go.jp/1/R8_kumamoto/0729yatsushiro_naname/naname/qv/thumbnail/1209.JPG"
   }
  },
  {
   "type": "Feature",
   "geometry": {
    "type": "Point",
    "coordinates": [
     130.583611,
     32.492778
    ]
   },
   "properties": {
    "district": "八代地区",
    "photo_no": "1210",
    "captured_at": "2026-07-29T12:39:04+09:00",
    "viewer_url": "https://saigai.gsi.go.jp/1/index_dmc.html?R8_kumamoto/0729yatsushiro_naname/naname/qv/1210.JPG&0.00deg",
    "thumbnail_url": "https://saigai.gsi.go.jp/1/R8_kumamoto/0729yatsushiro_naname/naname/qv/thumbnail/1210.JPG"
   }
  },
  {
   "type": "Feature",
   "geometry": {
    "type": "Point",
    "coordinates": [
     130.586389,
     32.495833
    ]
   },
   "properties": {
    "district": "八代地区",
    "photo_no": "1211",
    "captured_at": "2026-07-29T12:39:10+09:00",
    "viewer_url": "https://saigai.gsi.go.jp/1/index_dmc.html?R8_kumamoto/0729yatsushiro_naname/naname/qv/1211.JPG&0.00deg",
    "thumbnail_url": "https://saigai.gsi.go.jp/1/R8_kumamoto/0729yatsushiro_naname/naname/qv/thumbnail/1211.JPG"
   }
  },
  {
   "type": "Feature",
   "geometry": {
    "type": "Point",
    "coordinates": [
     130.588611,
     32.498611
    ]
   },
   "properties": {
    "district": "八代地区",
    "photo_no": "1212",
    "captured_at": "2026-07-29T12:39:15+09:00",
    "viewer_url": "https://saigai.gsi.go.jp/1/index_dmc.html?R8_kumamoto/0729yatsushiro_naname/naname/qv/1212.JPG&0.00deg",
    "thumbnail_url": "https://saigai.gsi.go.jp/1/R8_kumamoto/0729yatsushiro_naname/naname/qv/thumbnail/1212.JPG"
   }
  },
  {
   "type": "Feature",
   "geometry": {
    "type": "Point",
    "coordinates": [
     130.591944,
     32.5025
    ]
   },
   "properties": {
    "district": "八代地区",
    "photo_no": "1213",
    "captured_at": "2026-07-29T12:39:22+09:00",
    "viewer_url": "https://saigai.gsi.go.jp/1/index_dmc.html?R8_kumamoto/0729yatsushiro_naname/naname/qv/1213.JPG&0.00deg",
    "thumbnail_url": "https://saigai.gsi.go.jp/1/R8_kumamoto/0729yatsushiro_naname/naname/qv/thumbnail/1213.JPG"
   }
  },
  {
   "type": "Feature",
   "geometry": {
    "type": "Point",
    "coordinates": [
     130.594722,
     32.505556
    ]
   },
   "properties": {
    "district": "八代地区",
    "photo_no": "1214",
    "captured_at": "2026-07-29T12:39:29+09:00",
    "viewer_url": "https://saigai.gsi.go.jp/1/index_dmc.html?R8_kumamoto/0729yatsushiro_naname/naname/qv/1214.JPG&0.00deg",
    "thumbnail_url": "https://saigai.gsi.go.jp/1/R8_kumamoto/0729yatsushiro_naname/naname/qv/thumbnail/1214.JPG"
   }
  },
  {
   "type": "Feature",
   "geometry": {
    "type": "Point",
    "coordinates": [
     130.598611,
     32.51
    ]
   },
   "properties": {
    "district": "八代地区",
    "photo_no": "1215",
    "captured_at": "2026-07-29T12:39:36+09:00",
    "viewer_url": "https://saigai.gsi.go.jp/1/index_dmc.html?R8_kumamoto/0729yatsushiro_naname/naname/qv/1215.JPG&0.00deg",
    "thumbnail_url": "https://saigai.gsi.go.jp/1/R8_kumamoto/0729yatsushiro_naname/naname/qv/thumbnail/1215.JPG"
   }
  },
  {
   "type": "Feature",
   "geometry": {
    "type": "Point",
    "coordinates": [
     130.601389,
     32.513333
    ]
   },
   "properties": {
    "district": "八代地区",
    "photo_no": "1216",
    "captured_at": "2026-07-29T12:39:42+09:00",
    "viewer_url": "https://saigai.gsi.go.jp/1/index_dmc.html?R8_kumamoto/0729yatsushiro_naname/naname/qv/1216.JPG&0.00deg",
    "thumbnail_url": "https://saigai.gsi.go.jp/1/R8_kumamoto/0729yatsushiro_naname/naname/qv/thumbnail/1216.JPG"
   }
  },
  {
   "type": "Feature",
   "geometry": {
    "type": "Point",
    "coordinates": [
     130.603611,
     32.515833
    ]
   },
   "properties": {
    "district": "八代地区",
    "photo_no": "1217",
    "captured_at": "2026-07-29T12:39:47+09:00",
    "viewer_url": "https://saigai.gsi.go.jp/1/index_dmc.html?R8_kumamoto/0729yatsushiro_naname/naname/qv/1217.JPG&0.00deg",
    "thumbnail_url": "https://saigai.gsi.go.jp/1/R8_kumamoto/0729yatsushiro_naname/naname/qv/thumbnail/1217.JPG"
   }
  },
  {
   "type": "Feature",
   "geometry": {
    "type": "Point",
    "coordinates": [
     130.606389,
     32.519167
    ]
   },
   "properties": {
    "district": "八代地区",
    "photo_no": "1218",
    "captured_at": "2026-07-29T12:39:53+09:00",
    "viewer_url": "https://saigai.gsi.go.jp/1/index_dmc.html?R8_kumamoto/0729yatsushiro_naname/naname/qv/1218.JPG&0.00deg",
    "thumbnail_url": "https://saigai.gsi.go.jp/1/R8_kumamoto/0729yatsushiro_naname/naname/qv/thumbnail/1218.JPG"
   }
  },
  {
   "type": "Feature",
   "geometry": {
    "type": "Point",
    "coordinates": [
     130.608333,
     32.521111
    ]
   },
   "properties": {
    "district": "八代地区",
    "photo_no": "1219",
    "captured_at": "2026-07-29T12:39:57+09:00",
    "viewer_url": "https://saigai.gsi.go.jp/1/index_dmc.html?R8_kumamoto/0729yatsushiro_naname/naname/qv/1219.JPG&0.00deg",
    "thumbnail_url": "https://saigai.gsi.go.jp/1/R8_kumamoto/0729yatsushiro_naname/naname/qv/thumbnail/1219.JPG"
   }
  },
  {
   "type": "Feature",
   "geometry": {
    "type": "Point",
    "coordinates": [
     130.610278,
     32.523333
    ]
   },
   "properties": {
    "district": "八代地区",
    "photo_no": "1220",
    "captured_at": "2026-07-29T12:40:01+09:00",
    "viewer_url": "https://saigai.gsi.go.jp/1/index_dmc.html?R8_kumamoto/0729yatsushiro_naname/naname/qv/1220.JPG&0.00deg",
    "thumbnail_url": "https://saigai.gsi.go.jp/1/R8_kumamoto/0729yatsushiro_naname/naname/qv/thumbnail/1220.JPG"
   }
  },
  {
   "type": "Feature",
   "geometry": {
    "type": "Point",
    "coordinates": [
     130.612778,
     32.525833
    ]
   },
   "properties": {
    "district": "八代地区",
    "photo_no": "1221",
    "captured_at": "2026-07-29T12:40:06+09:00",
    "viewer_url": "https://saigai.gsi.go.jp/1/index_dmc.html?R8_kumamoto/0729yatsushiro_naname/naname/qv/1221.JPG&0.00deg",
    "thumbnail_url": "https://saigai.gsi.go.jp/1/R8_kumamoto/0729yatsushiro_naname/naname/qv/thumbnail/1221.JPG"
   }
  },
  {
   "type": "Feature",
   "geometry": {
    "type": "Point",
    "coordinates": [
     130.614722,
     32.528056
    ]
   },
   "properties": {
    "district": "八代地区",
    "photo_no": "1222",
    "captured_at": "2026-07-29T12:40:10+09:00",
    "viewer_url": "https://saigai.gsi.go.jp/1/index_dmc.html?R8_kumamoto/0729yatsushiro_naname/naname/qv/1222.JPG&0.00deg",
    "thumbnail_url": "https://saigai.gsi.go.jp/1/R8_kumamoto/0729yatsushiro_naname/naname/qv/thumbnail/1222.JPG"
   }
  },
  {
   "type": "Feature",
   "geometry": {
    "type": "Point",
    "coordinates": [
     130.616111,
     32.529722
    ]
   },
   "properties": {
    "district": "八代地区",
    "photo_no": "1223",
    "captured_at": "2026-07-29T12:40:13+09:00",
    "viewer_url": "https://saigai.gsi.go.jp/1/index_dmc.html?R8_kumamoto/0729yatsushiro_naname/naname/qv/1223.JPG&0.00deg",
    "thumbnail_url": "https://saigai.gsi.go.jp/1/R8_kumamoto/0729yatsushiro_naname/naname/qv/thumbnail/1223.JPG"
   }
  },
  {
   "type": "Feature",
   "geometry": {
    "type": "Point",
    "coordinates": [
     130.619444,
     32.533333
    ]
   },
   "properties": {
    "district": "八代地区",
    "photo_no": "1224",
    "captured_at": "2026-07-29T12:40:20+09:00",
    "viewer_url": "https://saigai.gsi.go.jp/1/index_dmc.html?R8_kumamoto/0729yatsushiro_naname/naname/qv/1224.JPG&0.00deg",
    "thumbnail_url": "https://saigai.gsi.go.jp/1/R8_kumamoto/0729yatsushiro_naname/naname/qv/thumbnail/1224.JPG"
   }
  },
  {
   "type": "Feature",
   "geometry": {
    "type": "Point",
    "coordinates": [
     130.622222,
     32.536667
    ]
   },
   "properties": {
    "district": "八代地区",
    "photo_no": "1225",
    "captured_at": "2026-07-29T12:40:26+09:00",
    "viewer_url": "https://saigai.gsi.go.jp/1/index_dmc.html?R8_kumamoto/0729yatsushiro_naname/naname/qv/1225.JPG&0.00deg",
    "thumbnail_url": "https://saigai.gsi.go.jp/1/R8_kumamoto/0729yatsushiro_naname/naname/qv/thumbnail/1225.JPG"
   }
  },
  {
   "type": "Feature",
   "geometry": {
    "type": "Point",
    "coordinates": [
     130.625278,
     32.54
    ]
   },
   "properties": {
    "district": "八代地区",
    "photo_no": "1226",
    "captured_at": "2026-07-29T12:40:32+09:00",
    "viewer_url": "https://saigai.gsi.go.jp/1/index_dmc.html?R8_kumamoto/0729yatsushiro_naname/naname/qv/1226.JPG&0.00deg",
    "thumbnail_url": "https://saigai.gsi.go.jp/1/R8_kumamoto/0729yatsushiro_naname/naname/qv/thumbnail/1226.JPG"
   }
  },
  {
   "type": "Feature",
   "geometry": {
    "type": "Point",
    "coordinates": [
     130.626944,
     32.541944
    ]
   },
   "properties": {
    "district": "八代地区",
    "photo_no": "1227",
    "captured_at": "2026-07-29T12:40:35+09:00",
    "viewer_url": "https://saigai.gsi.go.jp/1/index_dmc.html?R8_kumamoto/0729yatsushiro_naname/naname/qv/1227.JPG&0.00deg",
    "thumbnail_url": "https://saigai.gsi.go.jp/1/R8_kumamoto/0729yatsushiro_naname/naname/qv/thumbnail/1227.JPG"
   }
  },
  {
   "type": "Feature",
   "geometry": {
    "type": "Point",
    "coordinates": [
     130.628889,
     32.544167
    ]
   },
   "properties": {
    "district": "八代地区",
    "photo_no": "1228",
    "captured_at": "2026-07-29T12:40:39+09:00",
    "viewer_url": "https://saigai.gsi.go.jp/1/index_dmc.html?R8_kumamoto/0729yatsushiro_naname/naname/qv/1228.JPG&0.00deg",
    "thumbnail_url": "https://saigai.gsi.go.jp/1/R8_kumamoto/0729yatsushiro_naname/naname/qv/thumbnail/1228.JPG"
   }
  },
  {
   "type": "Feature",
   "geometry": {
    "type": "Point",
    "coordinates": [
     130.631389,
     32.546944
    ]
   },
   "properties": {
    "district": "八代地区",
    "photo_no": "1229",
    "captured_at": "2026-07-29T12:40:45+09:00",
    "viewer_url": "https://saigai.gsi.go.jp/1/index_dmc.html?R8_kumamoto/0729yatsushiro_naname/naname/qv/1229.JPG&0.00deg",
    "thumbnail_url": "https://saigai.gsi.go.jp/1/R8_kumamoto/0729yatsushiro_naname/naname/qv/thumbnail/1229.JPG"
   }
  },
  {
   "type": "Feature",
   "geometry": {
    "type": "Point",
    "coordinates": [
     130.633056,
     32.549167
    ]
   },
   "properties": {
    "district": "八代地区",
    "photo_no": "1230",
    "captured_at": "2026-07-29T12:40:49+09:00",
    "viewer_url": "https://saigai.gsi.go.jp/1/index_dmc.html?R8_kumamoto/0729yatsushiro_naname/naname/qv/1230.JPG&0.00deg",
    "thumbnail_url": "https://saigai.gsi.go.jp/1/R8_kumamoto/0729yatsushiro_naname/naname/qv/thumbnail/1230.JPG"
   }
  },
  {
   "type": "Feature",
   "geometry": {
    "type": "Point",
    "coordinates": [
     130.635,
     32.551389
    ]
   },
   "properties": {
    "district": "八代地区",
    "photo_no": "1231",
    "captured_at": "2026-07-29T12:40:53+09:00",
    "viewer_url": "https://saigai.gsi.go.jp/1/index_dmc.html?R8_kumamoto/0729yatsushiro_naname/naname/qv/1231.JPG&0.00deg",
    "thumbnail_url": "https://saigai.gsi.go.jp/1/R8_kumamoto/0729yatsushiro_naname/naname/qv/thumbnail/1231.JPG"
   }
  },
  {
   "type": "Feature",
   "geometry": {
    "type": "Point",
    "coordinates": [
     130.6375,
     32.554167
    ]
   },
   "properties": {
    "district": "八代地区",
    "photo_no": "1232",
    "captured_at": "2026-07-29T12:40:59+09:00",
    "viewer_url": "https://saigai.gsi.go.jp/1/index_dmc.html?R8_kumamoto/0729yatsushiro_naname/naname/qv/1232.JPG&0.00deg",
    "thumbnail_url": "https://saigai.gsi.go.jp/1/R8_kumamoto/0729yatsushiro_naname/naname/qv/thumbnail/1232.JPG"
   }
  },
  {
   "type": "Feature",
   "geometry": {
    "type": "Point",
    "coordinates": [
     130.639444,
     32.556389
    ]
   },
   "properties": {
    "district": "八代地区",
    "photo_no": "1233",
    "captured_at": "2026-07-29T12:41:02+09:00",
    "viewer_url": "https://saigai.gsi.go.jp/1/index_dmc.html?R8_kumamoto/0729yatsushiro_naname/naname/qv/1233.JPG&0.00deg",
    "thumbnail_url": "https://saigai.gsi.go.jp/1/R8_kumamoto/0729yatsushiro_naname/naname/qv/thumbnail/1233.JPG"
   }
  },
  {
   "type": "Feature",
   "geometry": {
    "type": "Point",
    "coordinates": [
     130.643333,
     32.560833
    ]
   },
   "properties": {
    "district": "八代地区",
    "photo_no": "1234",
    "captured_at": "2026-07-29T12:41:10+09:00",
    "viewer_url": "https://saigai.gsi.go.jp/1/index_dmc.html?R8_kumamoto/0729yatsushiro_naname/naname/qv/1234.JPG&0.00deg",
    "thumbnail_url": "https://saigai.gsi.go.jp/1/R8_kumamoto/0729yatsushiro_naname/naname/qv/thumbnail/1234.JPG"
   }
  },
  {
   "type": "Feature",
   "geometry": {
    "type": "Point",
    "coordinates": [
     130.645278,
     32.563056
    ]
   },
   "properties": {
    "district": "八代地区",
    "photo_no": "1235",
    "captured_at": "2026-07-29T12:41:14+09:00",
    "viewer_url": "https://saigai.gsi.go.jp/1/index_dmc.html?R8_kumamoto/0729yatsushiro_naname/naname/qv/1235.JPG&0.00deg",
    "thumbnail_url": "https://saigai.gsi.go.jp/1/R8_kumamoto/0729yatsushiro_naname/naname/qv/thumbnail/1235.JPG"
   }
  },
  {
   "type": "Feature",
   "geometry": {
    "type": "Point",
    "coordinates": [
     130.648611,
     32.566944
    ]
   },
   "properties": {
    "district": "八代地区",
    "photo_no": "1236",
    "captured_at": "2026-07-29T12:41:21+09:00",
    "viewer_url": "https://saigai.gsi.go.jp/1/index_dmc.html?R8_kumamoto/0729yatsushiro_naname/naname/qv/1236.JPG&0.00deg",
    "thumbnail_url": "https://saigai.gsi.go.jp/1/R8_kumamoto/0729yatsushiro_naname/naname/qv/thumbnail/1236.JPG"
   }
  },
  {
   "type": "Feature",
   "geometry": {
    "type": "Point",
    "coordinates": [
     130.62,
     32.562778
    ]
   },
   "properties": {
    "district": "八代地区",
    "photo_no": "1140",
    "captured_at": "2026-07-29T12:24:27+09:00",
    "viewer_url": "https://saigai.gsi.go.jp/1/index_dmc.html?R8_kumamoto/0729yatsushiro_naname/naname/qv/1140.JPG&0.00deg",
    "thumbnail_url": "https://saigai.gsi.go.jp/1/R8_kumamoto/0729yatsushiro_naname/naname/qv/thumbnail/1140.JPG"
   }
  },
  {
   "type": "Feature",
   "geometry": {
    "type": "Point",
    "coordinates": [
     130.614722,
     32.556944
    ]
   },
   "properties": {
    "district": "八代地区",
    "photo_no": "1141",
    "captured_at": "2026-07-29T12:24:37+09:00",
    "viewer_url": "https://saigai.gsi.go.jp/1/index_dmc.html?R8_kumamoto/0729yatsushiro_naname/naname/qv/1141.JPG&0.00deg",
    "thumbnail_url": "https://saigai.gsi.go.jp/1/R8_kumamoto/0729yatsushiro_naname/naname/qv/thumbnail/1141.JPG"
   }
  },
  {
   "type": "Feature",
   "geometry": {
    "type": "Point",
    "coordinates": [
     130.610556,
     32.5525
    ]
   },
   "properties": {
    "district": "八代地区",
    "photo_no": "1142",
    "captured_at": "2026-07-29T12:24:45+09:00",
    "viewer_url": "https://saigai.gsi.go.jp/1/index_dmc.html?R8_kumamoto/0729yatsushiro_naname/naname/qv/1142.JPG&0.00deg",
    "thumbnail_url": "https://saigai.gsi.go.jp/1/R8_kumamoto/0729yatsushiro_naname/naname/qv/thumbnail/1142.JPG"
   }
  },
  {
   "type": "Feature",
   "geometry": {
    "type": "Point",
    "coordinates": [
     130.606944,
     32.548611
    ]
   },
   "properties": {
    "district": "八代地区",
    "photo_no": "1143",
    "captured_at": "2026-07-29T12:24:52+09:00",
    "viewer_url": "https://saigai.gsi.go.jp/1/index_dmc.html?R8_kumamoto/0729yatsushiro_naname/naname/qv/1143.JPG&0.00deg",
    "thumbnail_url": "https://saigai.gsi.go.jp/1/R8_kumamoto/0729yatsushiro_naname/naname/qv/thumbnail/1143.JPG"
   }
  },
  {
   "type": "Feature",
   "geometry": {
    "type": "Point",
    "coordinates": [
     130.603889,
     32.545
    ]
   },
   "properties": {
    "district": "八代地区",
    "photo_no": "1144",
    "captured_at": "2026-07-29T12:24:58+09:00",
    "viewer_url": "https://saigai.gsi.go.jp/1/index_dmc.html?R8_kumamoto/0729yatsushiro_naname/naname/qv/1144.JPG&0.00deg",
    "thumbnail_url": "https://saigai.gsi.go.jp/1/R8_kumamoto/0729yatsushiro_naname/naname/qv/thumbnail/1144.JPG"
   }
  },
  {
   "type": "Feature",
   "geometry": {
    "type": "Point",
    "coordinates": [
     130.603889,
     32.545
    ]
   },
   "properties": {
    "district": "八代地区",
    "photo_no": "1145",
    "captured_at": "2026-07-29T12:24:58+09:00",
    "viewer_url": "https://saigai.gsi.go.jp/1/index_dmc.html?R8_kumamoto/0729yatsushiro_naname/naname/qv/1145.JPG&0.00deg",
    "thumbnail_url": "https://saigai.gsi.go.jp/1/R8_kumamoto/0729yatsushiro_naname/naname/qv/thumbnail/1145.JPG"
   }
  },
  {
   "type": "Feature",
   "geometry": {
    "type": "Point",
    "coordinates": [
     130.597778,
     32.538056
    ]
   },
   "properties": {
    "district": "八代地区",
    "photo_no": "1146",
    "captured_at": "2026-07-29T12:25:10+09:00",
    "viewer_url": "https://saigai.gsi.go.jp/1/index_dmc.html?R8_kumamoto/0729yatsushiro_naname/naname/qv/1146.JPG&0.00deg",
    "thumbnail_url": "https://saigai.gsi.go.jp/1/R8_kumamoto/0729yatsushiro_naname/naname/qv/thumbnail/1146.JPG"
   }
  },
  {
   "type": "Feature",
   "geometry": {
    "type": "Point",
    "coordinates": [
     130.594167,
     32.533889
    ]
   },
   "properties": {
    "district": "八代地区",
    "photo_no": "1147",
    "captured_at": "2026-07-29T12:25:17+09:00",
    "viewer_url": "https://saigai.gsi.go.jp/1/index_dmc.html?R8_kumamoto/0729yatsushiro_naname/naname/qv/1147.JPG&0.00deg",
    "thumbnail_url": "https://saigai.gsi.go.jp/1/R8_kumamoto/0729yatsushiro_naname/naname/qv/thumbnail/1147.JPG"
   }
  },
  {
   "type": "Feature",
   "geometry": {
    "type": "Point",
    "coordinates": [
     130.59,
     32.529167
    ]
   },
   "properties": {
    "district": "八代地区",
    "photo_no": "1148",
    "captured_at": "2026-07-29T12:25:25+09:00",
    "viewer_url": "https://saigai.gsi.go.jp/1/index_dmc.html?R8_kumamoto/0729yatsushiro_naname/naname/qv/1148.JPG&0.00deg",
    "thumbnail_url": "https://saigai.gsi.go.jp/1/R8_kumamoto/0729yatsushiro_naname/naname/qv/thumbnail/1148.JPG"
   }
  },
  {
   "type": "Feature",
   "geometry": {
    "type": "Point",
    "coordinates": [
     130.586944,
     32.525556
    ]
   },
   "properties": {
    "district": "八代地区",
    "photo_no": "1149",
    "captured_at": "2026-07-29T12:25:31+09:00",
    "viewer_url": "https://saigai.gsi.go.jp/1/index_dmc.html?R8_kumamoto/0729yatsushiro_naname/naname/qv/1149.JPG&0.00deg",
    "thumbnail_url": "https://saigai.gsi.go.jp/1/R8_kumamoto/0729yatsushiro_naname/naname/qv/thumbnail/1149.JPG"
   }
  },
  {
   "type": "Feature",
   "geometry": {
    "type": "Point",
    "coordinates": [
     130.585,
     32.523333
    ]
   },
   "properties": {
    "district": "八代地区",
    "photo_no": "1150",
    "captured_at": "2026-07-29T12:25:35+09:00",
    "viewer_url": "https://saigai.gsi.go.jp/1/index_dmc.html?R8_kumamoto/0729yatsushiro_naname/naname/qv/1150.JPG&0.00deg",
    "thumbnail_url": "https://saigai.gsi.go.jp/1/R8_kumamoto/0729yatsushiro_naname/naname/qv/thumbnail/1150.JPG"
   }
  },
  {
   "type": "Feature",
   "geometry": {
    "type": "Point",
    "coordinates": [
     130.581944,
     32.519722
    ]
   },
   "properties": {
    "district": "八代地区",
    "photo_no": "1151",
    "captured_at": "2026-07-29T12:25:41+09:00",
    "viewer_url": "https://saigai.gsi.go.jp/1/index_dmc.html?R8_kumamoto/0729yatsushiro_naname/naname/qv/1151.JPG&0.00deg",
    "thumbnail_url": "https://saigai.gsi.go.jp/1/R8_kumamoto/0729yatsushiro_naname/naname/qv/thumbnail/1151.JPG"
   }
  },
  {
   "type": "Feature",
   "geometry": {
    "type": "Point",
    "coordinates": [
     130.578611,
     32.516111
    ]
   },
   "properties": {
    "district": "八代地区",
    "photo_no": "1152",
    "captured_at": "2026-07-29T12:25:47+09:00",
    "viewer_url": "https://saigai.gsi.go.jp/1/index_dmc.html?R8_kumamoto/0729yatsushiro_naname/naname/qv/1152.JPG&0.00deg",
    "thumbnail_url": "https://saigai.gsi.go.jp/1/R8_kumamoto/0729yatsushiro_naname/naname/qv/thumbnail/1152.JPG"
   }
  },
  {
   "type": "Feature",
   "geometry": {
    "type": "Point",
    "coordinates": [
     130.575556,
     32.5125
    ]
   },
   "properties": {
    "district": "八代地区",
    "photo_no": "1153",
    "captured_at": "2026-07-29T12:25:53+09:00",
    "viewer_url": "https://saigai.gsi.go.jp/1/index_dmc.html?R8_kumamoto/0729yatsushiro_naname/naname/qv/1153.JPG&0.00deg",
    "thumbnail_url": "https://saigai.gsi.go.jp/1/R8_kumamoto/0729yatsushiro_naname/naname/qv/thumbnail/1153.JPG"
   }
  },
  {
   "type": "Feature",
   "geometry": {
    "type": "Point",
    "coordinates": [
     130.572222,
     32.508889
    ]
   },
   "properties": {
    "district": "八代地区",
    "photo_no": "1154",
    "captured_at": "2026-07-29T12:26:00+09:00",
    "viewer_url": "https://saigai.gsi.go.jp/1/index_dmc.html?R8_kumamoto/0729yatsushiro_naname/naname/qv/1154.JPG&0.00deg",
    "thumbnail_url": "https://saigai.gsi.go.jp/1/R8_kumamoto/0729yatsushiro_naname/naname/qv/thumbnail/1154.JPG"
   }
  },
  {
   "type": "Feature",
   "geometry": {
    "type": "Point",
    "coordinates": [
     130.569167,
     32.505278
    ]
   },
   "properties": {
    "district": "八代地区",
    "photo_no": "1155",
    "captured_at": "2026-07-29T12:26:06+09:00",
    "viewer_url": "https://saigai.gsi.go.jp/1/index_dmc.html?R8_kumamoto/0729yatsushiro_naname/naname/qv/1155.JPG&0.00deg",
    "thumbnail_url": "https://saigai.gsi.go.jp/1/R8_kumamoto/0729yatsushiro_naname/naname/qv/thumbnail/1155.JPG"
   }
  },
  {
   "type": "Feature",
   "geometry": {
    "type": "Point",
    "coordinates": [
     130.566111,
     32.501667
    ]
   },
   "properties": {
    "district": "八代地区",
    "photo_no": "1156",
    "captured_at": "2026-07-29T12:26:11+09:00",
    "viewer_url": "https://saigai.gsi.go.jp/1/index_dmc.html?R8_kumamoto/0729yatsushiro_naname/naname/qv/1156.JPG&0.00deg",
    "thumbnail_url": "https://saigai.gsi.go.jp/1/R8_kumamoto/0729yatsushiro_naname/naname/qv/thumbnail/1156.JPG"
   }
  },
  {
   "type": "Feature",
   "geometry": {
    "type": "Point",
    "coordinates": [
     130.563333,
     32.498889
    ]
   },
   "properties": {
    "district": "八代地区",
    "photo_no": "1157",
    "captured_at": "2026-07-29T12:26:16+09:00",
    "viewer_url": "https://saigai.gsi.go.jp/1/index_dmc.html?R8_kumamoto/0729yatsushiro_naname/naname/qv/1157.JPG&0.00deg",
    "thumbnail_url": "https://saigai.gsi.go.jp/1/R8_kumamoto/0729yatsushiro_naname/naname/qv/thumbnail/1157.JPG"
   }
  },
  {
   "type": "Feature",
   "geometry": {
    "type": "Point",
    "coordinates": [
     130.560833,
     32.495833
    ]
   },
   "properties": {
    "district": "八代地区",
    "photo_no": "1158",
    "captured_at": "2026-07-29T12:26:21+09:00",
    "viewer_url": "https://saigai.gsi.go.jp/1/index_dmc.html?R8_kumamoto/0729yatsushiro_naname/naname/qv/1158.JPG&0.00deg",
    "thumbnail_url": "https://saigai.gsi.go.jp/1/R8_kumamoto/0729yatsushiro_naname/naname/qv/thumbnail/1158.JPG"
   }
  },
  {
   "type": "Feature",
   "geometry": {
    "type": "Point",
    "coordinates": [
     130.557778,
     32.492222
    ]
   },
   "properties": {
    "district": "八代地区",
    "photo_no": "1159",
    "captured_at": "2026-07-29T12:26:27+09:00",
    "viewer_url": "https://saigai.gsi.go.jp/1/index_dmc.html?R8_kumamoto/0729yatsushiro_naname/naname/qv/1159.JPG&0.00deg",
    "thumbnail_url": "https://saigai.gsi.go.jp/1/R8_kumamoto/0729yatsushiro_naname/naname/qv/thumbnail/1159.JPG"
   }
  },
  {
   "type": "Feature",
   "geometry": {
    "type": "Point",
    "coordinates": [
     130.553889,
     32.488056
    ]
   },
   "properties": {
    "district": "八代地区",
    "photo_no": "1160",
    "captured_at": "2026-07-29T12:26:34+09:00",
    "viewer_url": "https://saigai.gsi.go.jp/1/index_dmc.html?R8_kumamoto/0729yatsushiro_naname/naname/qv/1160.JPG&0.00deg",
    "thumbnail_url": "https://saigai.gsi.go.jp/1/R8_kumamoto/0729yatsushiro_naname/naname/qv/thumbnail/1160.JPG"
   }
  },
  {
   "type": "Feature",
   "geometry": {
    "type": "Point",
    "coordinates": [
     130.550833,
     32.484722
    ]
   },
   "properties": {
    "district": "八代地区",
    "photo_no": "1161",
    "captured_at": "2026-07-29T12:26:40+09:00",
    "viewer_url": "https://saigai.gsi.go.jp/1/index_dmc.html?R8_kumamoto/0729yatsushiro_naname/naname/qv/1161.JPG&0.00deg",
    "thumbnail_url": "https://saigai.gsi.go.jp/1/R8_kumamoto/0729yatsushiro_naname/naname/qv/thumbnail/1161.JPG"
   }
  },
  {
   "type": "Feature",
   "geometry": {
    "type": "Point",
    "coordinates": [
     130.548056,
     32.481667
    ]
   },
   "properties": {
    "district": "八代地区",
    "photo_no": "1162",
    "captured_at": "2026-07-29T12:26:45+09:00",
    "viewer_url": "https://saigai.gsi.go.jp/1/index_dmc.html?R8_kumamoto/0729yatsushiro_naname/naname/qv/1162.JPG&0.00deg",
    "thumbnail_url": "https://saigai.gsi.go.jp/1/R8_kumamoto/0729yatsushiro_naname/naname/qv/thumbnail/1162.JPG"
   }
  },
  {
   "type": "Feature",
   "geometry": {
    "type": "Point",
    "coordinates": [
     130.545,
     32.478056
    ]
   },
   "properties": {
    "district": "八代地区",
    "photo_no": "1163",
    "captured_at": "2026-07-29T12:26:51+09:00",
    "viewer_url": "https://saigai.gsi.go.jp/1/index_dmc.html?R8_kumamoto/0729yatsushiro_naname/naname/qv/1163.JPG&0.00deg",
    "thumbnail_url": "https://saigai.gsi.go.jp/1/R8_kumamoto/0729yatsushiro_naname/naname/qv/thumbnail/1163.JPG"
   }
  },
  {
   "type": "Feature",
   "geometry": {
    "type": "Point",
    "coordinates": [
     130.5425,
     32.475278
    ]
   },
   "properties": {
    "district": "八代地区",
    "photo_no": "1164",
    "captured_at": "2026-07-29T12:26:56+09:00",
    "viewer_url": "https://saigai.gsi.go.jp/1/index_dmc.html?R8_kumamoto/0729yatsushiro_naname/naname/qv/1164.JPG&0.00deg",
    "thumbnail_url": "https://saigai.gsi.go.jp/1/R8_kumamoto/0729yatsushiro_naname/naname/qv/thumbnail/1164.JPG"
   }
  },
  {
   "type": "Feature",
   "geometry": {
    "type": "Point",
    "coordinates": [
     130.546944,
     32.480278
    ]
   },
   "properties": {
    "district": "八代地区",
    "photo_no": "1634",
    "captured_at": "2026-07-29T13:52:01+09:00",
    "viewer_url": "https://saigai.gsi.go.jp/1/index_dmc.html?R8_kumamoto/0729yatsushiro_naname/naname/qv/1634.JPG&0.00deg",
    "thumbnail_url": "https://saigai.gsi.go.jp/1/R8_kumamoto/0729yatsushiro_naname/naname/qv/thumbnail/1634.JPG"
   }
  },
  {
   "type": "Feature",
   "geometry": {
    "type": "Point",
    "coordinates": [
     130.553333,
     32.487778
    ]
   },
   "properties": {
    "district": "八代地区",
    "photo_no": "1635",
    "captured_at": "2026-07-29T13:52:13+09:00",
    "viewer_url": "https://saigai.gsi.go.jp/1/index_dmc.html?R8_kumamoto/0729yatsushiro_naname/naname/qv/1635.JPG&0.00deg",
    "thumbnail_url": "https://saigai.gsi.go.jp/1/R8_kumamoto/0729yatsushiro_naname/naname/qv/thumbnail/1635.JPG"
   }
  },
  {
   "type": "Feature",
   "geometry": {
    "type": "Point",
    "coordinates": [
     130.553889,
     32.488333
    ]
   },
   "properties": {
    "district": "八代地区",
    "photo_no": "1636",
    "captured_at": "2026-07-29T13:52:13+09:00",
    "viewer_url": "https://saigai.gsi.go.jp/1/index_dmc.html?R8_kumamoto/0729yatsushiro_naname/naname/qv/1636.JPG&0.00deg",
    "thumbnail_url": "https://saigai.gsi.go.jp/1/R8_kumamoto/0729yatsushiro_naname/naname/qv/thumbnail/1636.JPG"
   }
  },
  {
   "type": "Feature",
   "geometry": {
    "type": "Point",
    "coordinates": [
     130.556389,
     32.491111
    ]
   },
   "properties": {
    "district": "八代地区",
    "photo_no": "1637",
    "captured_at": "2026-07-29T13:52:18+09:00",
    "viewer_url": "https://saigai.gsi.go.jp/1/index_dmc.html?R8_kumamoto/0729yatsushiro_naname/naname/qv/1637.JPG&0.00deg",
    "thumbnail_url": "https://saigai.gsi.go.jp/1/R8_kumamoto/0729yatsushiro_naname/naname/qv/thumbnail/1637.JPG"
   }
  },
  {
   "type": "Feature",
   "geometry": {
    "type": "Point",
    "coordinates": [
     130.558889,
     32.493889
    ]
   },
   "properties": {
    "district": "八代地区",
    "photo_no": "1638",
    "captured_at": "2026-07-29T13:52:26+09:00",
    "viewer_url": "https://saigai.gsi.go.jp/1/index_dmc.html?R8_kumamoto/0729yatsushiro_naname/naname/qv/1638.JPG&0.00deg",
    "thumbnail_url": "https://saigai.gsi.go.jp/1/R8_kumamoto/0729yatsushiro_naname/naname/qv/thumbnail/1638.JPG"
   }
  },
  {
   "type": "Feature",
   "geometry": {
    "type": "Point",
    "coordinates": [
     130.563056,
     32.498611
    ]
   },
   "properties": {
    "district": "八代地区",
    "photo_no": "1639",
    "captured_at": "2026-07-29T13:52:32+09:00",
    "viewer_url": "https://saigai.gsi.go.jp/1/index_dmc.html?R8_kumamoto/0729yatsushiro_naname/naname/qv/1639.JPG&0.00deg",
    "thumbnail_url": "https://saigai.gsi.go.jp/1/R8_kumamoto/0729yatsushiro_naname/naname/qv/thumbnail/1639.JPG"
   }
  },
  {
   "type": "Feature",
   "geometry": {
    "type": "Point",
    "coordinates": [
     130.566111,
     32.501944
    ]
   },
   "properties": {
    "district": "八代地区",
    "photo_no": "1640",
    "captured_at": "2026-07-29T13:52:38+09:00",
    "viewer_url": "https://saigai.gsi.go.jp/1/index_dmc.html?R8_kumamoto/0729yatsushiro_naname/naname/qv/1640.JPG&0.00deg",
    "thumbnail_url": "https://saigai.gsi.go.jp/1/R8_kumamoto/0729yatsushiro_naname/naname/qv/thumbnail/1640.JPG"
   }
  },
  {
   "type": "Feature",
   "geometry": {
    "type": "Point",
    "coordinates": [
     130.568889,
     32.505278
    ]
   },
   "properties": {
    "district": "八代地区",
    "photo_no": "1641",
    "captured_at": "2026-07-29T13:52:44+09:00",
    "viewer_url": "https://saigai.gsi.go.jp/1/index_dmc.html?R8_kumamoto/0729yatsushiro_naname/naname/qv/1641.JPG&0.00deg",
    "thumbnail_url": "https://saigai.gsi.go.jp/1/R8_kumamoto/0729yatsushiro_naname/naname/qv/thumbnail/1641.JPG"
   }
  },
  {
   "type": "Feature",
   "geometry": {
    "type": "Point",
    "coordinates": [
     130.571667,
     32.508333
    ]
   },
   "properties": {
    "district": "八代地区",
    "photo_no": "1642",
    "captured_at": "2026-07-29T13:52:50+09:00",
    "viewer_url": "https://saigai.gsi.go.jp/1/index_dmc.html?R8_kumamoto/0729yatsushiro_naname/naname/qv/1642.JPG&0.00deg",
    "thumbnail_url": "https://saigai.gsi.go.jp/1/R8_kumamoto/0729yatsushiro_naname/naname/qv/thumbnail/1642.JPG"
   }
  },
  {
   "type": "Feature",
   "geometry": {
    "type": "Point",
    "coordinates": [
     130.574444,
     32.511667
    ]
   },
   "properties": {
    "district": "八代地区",
    "photo_no": "1643",
    "captured_at": "2026-07-29T13:52:55+09:00",
    "viewer_url": "https://saigai.gsi.go.jp/1/index_dmc.html?R8_kumamoto/0729yatsushiro_naname/naname/qv/1643.JPG&0.00deg",
    "thumbnail_url": "https://saigai.gsi.go.jp/1/R8_kumamoto/0729yatsushiro_naname/naname/qv/thumbnail/1643.JPG"
   }
  },
  {
   "type": "Feature",
   "geometry": {
    "type": "Point",
    "coordinates": [
     130.578056,
     32.515833
    ]
   },
   "properties": {
    "district": "八代地区",
    "photo_no": "1644",
    "captured_at": "2026-07-29T13:53:02+09:00",
    "viewer_url": "https://saigai.gsi.go.jp/1/index_dmc.html?R8_kumamoto/0729yatsushiro_naname/naname/qv/1644.JPG&0.00deg",
    "thumbnail_url": "https://saigai.gsi.go.jp/1/R8_kumamoto/0729yatsushiro_naname/naname/qv/thumbnail/1644.JPG"
   }
  },
  {
   "type": "Feature",
   "geometry": {
    "type": "Point",
    "coordinates": [
     130.580556,
     32.518611
    ]
   },
   "properties": {
    "district": "八代地区",
    "photo_no": "1645",
    "captured_at": "2026-07-29T13:53:06+09:00",
    "viewer_url": "https://saigai.gsi.go.jp/1/index_dmc.html?R8_kumamoto/0729yatsushiro_naname/naname/qv/1645.JPG&0.00deg",
    "thumbnail_url": "https://saigai.gsi.go.jp/1/R8_kumamoto/0729yatsushiro_naname/naname/qv/thumbnail/1645.JPG"
   }
  },
  {
   "type": "Feature",
   "geometry": {
    "type": "Point",
    "coordinates": [
     130.583611,
     32.522222
    ]
   },
   "properties": {
    "district": "八代地区",
    "photo_no": "1646",
    "captured_at": "2026-07-29T13:53:13+09:00",
    "viewer_url": "https://saigai.gsi.go.jp/1/index_dmc.html?R8_kumamoto/0729yatsushiro_naname/naname/qv/1646.JPG&0.00deg",
    "thumbnail_url": "https://saigai.gsi.go.jp/1/R8_kumamoto/0729yatsushiro_naname/naname/qv/thumbnail/1646.JPG"
   }
  },
  {
   "type": "Feature",
   "geometry": {
    "type": "Point",
    "coordinates": [
     130.586389,
     32.525556
    ]
   },
   "properties": {
    "district": "八代地区",
    "photo_no": "1647",
    "captured_at": "2026-07-29T13:53:20+09:00",
    "viewer_url": "https://saigai.gsi.go.jp/1/index_dmc.html?R8_kumamoto/0729yatsushiro_naname/naname/qv/1647.JPG&0.00deg",
    "thumbnail_url": "https://saigai.gsi.go.jp/1/R8_kumamoto/0729yatsushiro_naname/naname/qv/thumbnail/1647.JPG"
   }
  },
  {
   "type": "Feature",
   "geometry": {
    "type": "Point",
    "coordinates": [
     130.591111,
     32.530833
    ]
   },
   "properties": {
    "district": "八代地区",
    "photo_no": "1648",
    "captured_at": "2026-07-29T13:53:28+09:00",
    "viewer_url": "https://saigai.gsi.go.jp/1/index_dmc.html?R8_kumamoto/0729yatsushiro_naname/naname/qv/1648.JPG&0.00deg",
    "thumbnail_url": "https://saigai.gsi.go.jp/1/R8_kumamoto/0729yatsushiro_naname/naname/qv/thumbnail/1648.JPG"
   }
  },
  {
   "type": "Feature",
   "geometry": {
    "type": "Point",
    "coordinates": [
     130.594722,
     32.534722
    ]
   },
   "properties": {
    "district": "八代地区",
    "photo_no": "1649",
    "captured_at": "2026-07-29T13:53:35+09:00",
    "viewer_url": "https://saigai.gsi.go.jp/1/index_dmc.html?R8_kumamoto/0729yatsushiro_naname/naname/qv/1649.JPG&0.00deg",
    "thumbnail_url": "https://saigai.gsi.go.jp/1/R8_kumamoto/0729yatsushiro_naname/naname/qv/thumbnail/1649.JPG"
   }
  },
  {
   "type": "Feature",
   "geometry": {
    "type": "Point",
    "coordinates": [
     130.598333,
     32.538889
    ]
   },
   "properties": {
    "district": "八代地区",
    "photo_no": "1650",
    "captured_at": "2026-07-29T13:53:42+09:00",
    "viewer_url": "https://saigai.gsi.go.jp/1/index_dmc.html?R8_kumamoto/0729yatsushiro_naname/naname/qv/1650.JPG&0.00deg",
    "thumbnail_url": "https://saigai.gsi.go.jp/1/R8_kumamoto/0729yatsushiro_naname/naname/qv/thumbnail/1650.JPG"
   }
  },
  {
   "type": "Feature",
   "geometry": {
    "type": "Point",
    "coordinates": [
     130.601389,
     32.542222
    ]
   },
   "properties": {
    "district": "八代地区",
    "photo_no": "1651",
    "captured_at": "2026-07-29T13:53:49+09:00",
    "viewer_url": "https://saigai.gsi.go.jp/1/index_dmc.html?R8_kumamoto/0729yatsushiro_naname/naname/qv/1651.JPG&0.00deg",
    "thumbnail_url": "https://saigai.gsi.go.jp/1/R8_kumamoto/0729yatsushiro_naname/naname/qv/thumbnail/1651.JPG"
   }
  },
  {
   "type": "Feature",
   "geometry": {
    "type": "Point",
    "coordinates": [
     130.605278,
     32.546389
    ]
   },
   "properties": {
    "district": "八代地区",
    "photo_no": "1652",
    "captured_at": "2026-07-29T13:53:55+09:00",
    "viewer_url": "https://saigai.gsi.go.jp/1/index_dmc.html?R8_kumamoto/0729yatsushiro_naname/naname/qv/1652.JPG&0.00deg",
    "thumbnail_url": "https://saigai.gsi.go.jp/1/R8_kumamoto/0729yatsushiro_naname/naname/qv/thumbnail/1652.JPG"
   }
  },
  {
   "type": "Feature",
   "geometry": {
    "type": "Point",
    "coordinates": [
     130.608889,
     32.550278
    ]
   },
   "properties": {
    "district": "八代地区",
    "photo_no": "1653",
    "captured_at": "2026-07-29T13:54:02+09:00",
    "viewer_url": "https://saigai.gsi.go.jp/1/index_dmc.html?R8_kumamoto/0729yatsushiro_naname/naname/qv/1653.JPG&0.00deg",
    "thumbnail_url": "https://saigai.gsi.go.jp/1/R8_kumamoto/0729yatsushiro_naname/naname/qv/thumbnail/1653.JPG"
   }
  },
  {
   "type": "Feature",
   "geometry": {
    "type": "Point",
    "coordinates": [
     130.611944,
     32.553889
    ]
   },
   "properties": {
    "district": "八代地区",
    "photo_no": "1654",
    "captured_at": "2026-07-29T13:54:08+09:00",
    "viewer_url": "https://saigai.gsi.go.jp/1/index_dmc.html?R8_kumamoto/0729yatsushiro_naname/naname/qv/1654.JPG&0.00deg",
    "thumbnail_url": "https://saigai.gsi.go.jp/1/R8_kumamoto/0729yatsushiro_naname/naname/qv/thumbnail/1654.JPG"
   }
  },
  {
   "type": "Feature",
   "geometry": {
    "type": "Point",
    "coordinates": [
     130.615,
     32.557222
    ]
   },
   "properties": {
    "district": "八代地区",
    "photo_no": "1655",
    "captured_at": "2026-07-29T13:54:14+09:00",
    "viewer_url": "https://saigai.gsi.go.jp/1/index_dmc.html?R8_kumamoto/0729yatsushiro_naname/naname/qv/1655.JPG&0.00deg",
    "thumbnail_url": "https://saigai.gsi.go.jp/1/R8_kumamoto/0729yatsushiro_naname/naname/qv/thumbnail/1655.JPG"
   }
  },
  {
   "type": "Feature",
   "geometry": {
    "type": "Point",
    "coordinates": [
     130.618889,
     32.561944
    ]
   },
   "properties": {
    "district": "八代地区",
    "photo_no": "1656",
    "captured_at": "2026-07-29T13:54:22+09:00",
    "viewer_url": "https://saigai.gsi.go.jp/1/index_dmc.html?R8_kumamoto/0729yatsushiro_naname/naname/qv/1656.JPG&0.00deg",
    "thumbnail_url": "https://saigai.gsi.go.jp/1/R8_kumamoto/0729yatsushiro_naname/naname/qv/thumbnail/1656.JPG"
   }
  },
  {
   "type": "Feature",
   "geometry": {
    "type": "Point",
    "coordinates": [
     130.623611,
     32.567222
    ]
   },
   "properties": {
    "district": "八代地区",
    "photo_no": "1657",
    "captured_at": "2026-07-29T13:54:31+09:00",
    "viewer_url": "https://saigai.gsi.go.jp/1/index_dmc.html?R8_kumamoto/0729yatsushiro_naname/naname/qv/1657.JPG&0.00deg",
    "thumbnail_url": "https://saigai.gsi.go.jp/1/R8_kumamoto/0729yatsushiro_naname/naname/qv/thumbnail/1657.JPG"
   }
  },
  {
   "type": "Feature",
   "geometry": {
    "type": "Point",
    "coordinates": [
     130.528056,
     32.487778
    ]
   },
   "properties": {
    "district": "八代地区",
    "photo_no": "1111",
    "captured_at": "2026-07-29T12:16:53+09:00",
    "viewer_url": "https://saigai.gsi.go.jp/1/index_dmc.html?R8_kumamoto/0729yatsushiro_naname/naname/qv/1111.JPG&0.00deg",
    "thumbnail_url": "https://saigai.gsi.go.jp/1/R8_kumamoto/0729yatsushiro_naname/naname/qv/thumbnail/1111.JPG"
   }
  },
  {
   "type": "Feature",
   "geometry": {
    "type": "Point",
    "coordinates": [
     130.531111,
     32.491389
    ]
   },
   "properties": {
    "district": "八代地区",
    "photo_no": "1112",
    "captured_at": "2026-07-29T12:16:58+09:00",
    "viewer_url": "https://saigai.gsi.go.jp/1/index_dmc.html?R8_kumamoto/0729yatsushiro_naname/naname/qv/1112.JPG&0.00deg",
    "thumbnail_url": "https://saigai.gsi.go.jp/1/R8_kumamoto/0729yatsushiro_naname/naname/qv/thumbnail/1112.JPG"
   }
  },
  {
   "type": "Feature",
   "geometry": {
    "type": "Point",
    "coordinates": [
     130.532222,
     32.4925
    ]
   },
   "properties": {
    "district": "八代地区",
    "photo_no": "1113",
    "captured_at": "2026-07-29T12:17:02+09:00",
    "viewer_url": "https://saigai.gsi.go.jp/1/index_dmc.html?R8_kumamoto/0729yatsushiro_naname/naname/qv/1113.JPG&0.00deg",
    "thumbnail_url": "https://saigai.gsi.go.jp/1/R8_kumamoto/0729yatsushiro_naname/naname/qv/thumbnail/1113.JPG"
   }
  },
  {
   "type": "Feature",
   "geometry": {
    "type": "Point",
    "coordinates": [
     130.535278,
     32.496111
    ]
   },
   "properties": {
    "district": "八代地区",
    "photo_no": "1114",
    "captured_at": "2026-07-29T12:17:07+09:00",
    "viewer_url": "https://saigai.gsi.go.jp/1/index_dmc.html?R8_kumamoto/0729yatsushiro_naname/naname/qv/1114.JPG&0.00deg",
    "thumbnail_url": "https://saigai.gsi.go.jp/1/R8_kumamoto/0729yatsushiro_naname/naname/qv/thumbnail/1114.JPG"
   }
  },
  {
   "type": "Feature",
   "geometry": {
    "type": "Point",
    "coordinates": [
     130.5375,
     32.498611
    ]
   },
   "properties": {
    "district": "八代地区",
    "photo_no": "1115",
    "captured_at": "2026-07-29T12:17:13+09:00",
    "viewer_url": "https://saigai.gsi.go.jp/1/index_dmc.html?R8_kumamoto/0729yatsushiro_naname/naname/qv/1115.JPG&0.00deg",
    "thumbnail_url": "https://saigai.gsi.go.jp/1/R8_kumamoto/0729yatsushiro_naname/naname/qv/thumbnail/1115.JPG"
   }
  },
  {
   "type": "Feature",
   "geometry": {
    "type": "Point",
    "coordinates": [
     130.540278,
     32.501944
    ]
   },
   "properties": {
    "district": "八代地区",
    "photo_no": "1116",
    "captured_at": "2026-07-29T12:17:19+09:00",
    "viewer_url": "https://saigai.gsi.go.jp/1/index_dmc.html?R8_kumamoto/0729yatsushiro_naname/naname/qv/1116.JPG&0.00deg",
    "thumbnail_url": "https://saigai.gsi.go.jp/1/R8_kumamoto/0729yatsushiro_naname/naname/qv/thumbnail/1116.JPG"
   }
  },
  {
   "type": "Feature",
   "geometry": {
    "type": "Point",
    "coordinates": [
     130.543056,
     32.505
    ]
   },
   "properties": {
    "district": "八代地区",
    "photo_no": "1117",
    "captured_at": "2026-07-29T12:17:25+09:00",
    "viewer_url": "https://saigai.gsi.go.jp/1/index_dmc.html?R8_kumamoto/0729yatsushiro_naname/naname/qv/1117.JPG&0.00deg",
    "thumbnail_url": "https://saigai.gsi.go.jp/1/R8_kumamoto/0729yatsushiro_naname/naname/qv/thumbnail/1117.JPG"
   }
  },
  {
   "type": "Feature",
   "geometry": {
    "type": "Point",
    "coordinates": [
     130.544722,
     32.506944
    ]
   },
   "properties": {
    "district": "八代地区",
    "photo_no": "1118",
    "captured_at": "2026-07-29T12:17:28+09:00",
    "viewer_url": "https://saigai.gsi.go.jp/1/index_dmc.html?R8_kumamoto/0729yatsushiro_naname/naname/qv/1118.JPG&0.00deg",
    "thumbnail_url": "https://saigai.gsi.go.jp/1/R8_kumamoto/0729yatsushiro_naname/naname/qv/thumbnail/1118.JPG"
   }
  },
  {
   "type": "Feature",
   "geometry": {
    "type": "Point",
    "coordinates": [
     130.548056,
     32.510556
    ]
   },
   "properties": {
    "district": "八代地区",
    "photo_no": "1119",
    "captured_at": "2026-07-29T12:17:36+09:00",
    "viewer_url": "https://saigai.gsi.go.jp/1/index_dmc.html?R8_kumamoto/0729yatsushiro_naname/naname/qv/1119.JPG&0.00deg",
    "thumbnail_url": "https://saigai.gsi.go.jp/1/R8_kumamoto/0729yatsushiro_naname/naname/qv/thumbnail/1119.JPG"
   }
  },
  {
   "type": "Feature",
   "geometry": {
    "type": "Point",
    "coordinates": [
     130.551111,
     32.514167
    ]
   },
   "properties": {
    "district": "八代地区",
    "photo_no": "1120",
    "captured_at": "2026-07-29T12:17:43+09:00",
    "viewer_url": "https://saigai.gsi.go.jp/1/index_dmc.html?R8_kumamoto/0729yatsushiro_naname/naname/qv/1120.JPG&0.00deg",
    "thumbnail_url": "https://saigai.gsi.go.jp/1/R8_kumamoto/0729yatsushiro_naname/naname/qv/thumbnail/1120.JPG"
   }
  },
  {
   "type": "Feature",
   "geometry": {
    "type": "Point",
    "coordinates": [
     130.553056,
     32.516389
    ]
   },
   "properties": {
    "district": "八代地区",
    "photo_no": "1121",
    "captured_at": "2026-07-29T12:17:46+09:00",
    "viewer_url": "https://saigai.gsi.go.jp/1/index_dmc.html?R8_kumamoto/0729yatsushiro_naname/naname/qv/1121.JPG&0.00deg",
    "thumbnail_url": "https://saigai.gsi.go.jp/1/R8_kumamoto/0729yatsushiro_naname/naname/qv/thumbnail/1121.JPG"
   }
  },
  {
   "type": "Feature",
   "geometry": {
    "type": "Point",
    "coordinates": [
     130.554722,
     32.518333
    ]
   },
   "properties": {
    "district": "八代地区",
    "photo_no": "1122",
    "captured_at": "2026-07-29T12:17:51+09:00",
    "viewer_url": "https://saigai.gsi.go.jp/1/index_dmc.html?R8_kumamoto/0729yatsushiro_naname/naname/qv/1122.JPG&0.00deg",
    "thumbnail_url": "https://saigai.gsi.go.jp/1/R8_kumamoto/0729yatsushiro_naname/naname/qv/thumbnail/1122.JPG"
   }
  },
  {
   "type": "Feature",
   "geometry": {
    "type": "Point",
    "coordinates": [
     130.556667,
     32.520556
    ]
   },
   "properties": {
    "district": "八代地区",
    "photo_no": "1123",
    "captured_at": "2026-07-29T12:17:54+09:00",
    "viewer_url": "https://saigai.gsi.go.jp/1/index_dmc.html?R8_kumamoto/0729yatsushiro_naname/naname/qv/1123.JPG&0.00deg",
    "thumbnail_url": "https://saigai.gsi.go.jp/1/R8_kumamoto/0729yatsushiro_naname/naname/qv/thumbnail/1123.JPG"
   }
  },
  {
   "type": "Feature",
   "geometry": {
    "type": "Point",
    "coordinates": [
     130.558333,
     32.5225
    ]
   },
   "properties": {
    "district": "八代地区",
    "photo_no": "1124",
    "captured_at": "2026-07-29T12:17:58+09:00",
    "viewer_url": "https://saigai.gsi.go.jp/1/index_dmc.html?R8_kumamoto/0729yatsushiro_naname/naname/qv/1124.JPG&0.00deg",
    "thumbnail_url": "https://saigai.gsi.go.jp/1/R8_kumamoto/0729yatsushiro_naname/naname/qv/thumbnail/1124.JPG"
   }
  },
  {
   "type": "Feature",
   "geometry": {
    "type": "Point",
    "coordinates": [
     130.561944,
     32.526667
    ]
   },
   "properties": {
    "district": "八代地区",
    "photo_no": "1125",
    "captured_at": "2026-07-29T12:18:07+09:00",
    "viewer_url": "https://saigai.gsi.go.jp/1/index_dmc.html?R8_kumamoto/0729yatsushiro_naname/naname/qv/1125.JPG&0.00deg",
    "thumbnail_url": "https://saigai.gsi.go.jp/1/R8_kumamoto/0729yatsushiro_naname/naname/qv/thumbnail/1125.JPG"
   }
  },
  {
   "type": "Feature",
   "geometry": {
    "type": "Point",
    "coordinates": [
     130.563333,
     32.528056
    ]
   },
   "properties": {
    "district": "八代地区",
    "photo_no": "1126",
    "captured_at": "2026-07-29T12:18:11+09:00",
    "viewer_url": "https://saigai.gsi.go.jp/1/index_dmc.html?R8_kumamoto/0729yatsushiro_naname/naname/qv/1126.JPG&0.00deg",
    "thumbnail_url": "https://saigai.gsi.go.jp/1/R8_kumamoto/0729yatsushiro_naname/naname/qv/thumbnail/1126.JPG"
   }
  },
  {
   "type": "Feature",
   "geometry": {
    "type": "Point",
    "coordinates": [
     130.566667,
     32.531667
    ]
   },
   "properties": {
    "district": "八代地区",
    "photo_no": "1127",
    "captured_at": "2026-07-29T12:18:18+09:00",
    "viewer_url": "https://saigai.gsi.go.jp/1/index_dmc.html?R8_kumamoto/0729yatsushiro_naname/naname/qv/1127.JPG&0.00deg",
    "thumbnail_url": "https://saigai.gsi.go.jp/1/R8_kumamoto/0729yatsushiro_naname/naname/qv/thumbnail/1127.JPG"
   }
  },
  {
   "type": "Feature",
   "geometry": {
    "type": "Point",
    "coordinates": [
     130.568889,
     32.534444
    ]
   },
   "properties": {
    "district": "八代地区",
    "photo_no": "1128",
    "captured_at": "2026-07-29T12:18:22+09:00",
    "viewer_url": "https://saigai.gsi.go.jp/1/index_dmc.html?R8_kumamoto/0729yatsushiro_naname/naname/qv/1128.JPG&0.00deg",
    "thumbnail_url": "https://saigai.gsi.go.jp/1/R8_kumamoto/0729yatsushiro_naname/naname/qv/thumbnail/1128.JPG"
   }
  },
  {
   "type": "Feature",
   "geometry": {
    "type": "Point",
    "coordinates": [
     130.571389,
     32.536944
    ]
   },
   "properties": {
    "district": "八代地区",
    "photo_no": "1129",
    "captured_at": "2026-07-29T12:18:27+09:00",
    "viewer_url": "https://saigai.gsi.go.jp/1/index_dmc.html?R8_kumamoto/0729yatsushiro_naname/naname/qv/1129.JPG&0.00deg",
    "thumbnail_url": "https://saigai.gsi.go.jp/1/R8_kumamoto/0729yatsushiro_naname/naname/qv/thumbnail/1129.JPG"
   }
  },
  {
   "type": "Feature",
   "geometry": {
    "type": "Point",
    "coordinates": [
     130.574167,
     32.54
    ]
   },
   "properties": {
    "district": "八代地区",
    "photo_no": "1130",
    "captured_at": "2026-07-29T12:18:33+09:00",
    "viewer_url": "https://saigai.gsi.go.jp/1/index_dmc.html?R8_kumamoto/0729yatsushiro_naname/naname/qv/1130.JPG&0.00deg",
    "thumbnail_url": "https://saigai.gsi.go.jp/1/R8_kumamoto/0729yatsushiro_naname/naname/qv/thumbnail/1130.JPG"
   }
  },
  {
   "type": "Feature",
   "geometry": {
    "type": "Point",
    "coordinates": [
     130.5775,
     32.543611
    ]
   },
   "properties": {
    "district": "八代地区",
    "photo_no": "1131",
    "captured_at": "2026-07-29T12:18:40+09:00",
    "viewer_url": "https://saigai.gsi.go.jp/1/index_dmc.html?R8_kumamoto/0729yatsushiro_naname/naname/qv/1131.JPG&0.00deg",
    "thumbnail_url": "https://saigai.gsi.go.jp/1/R8_kumamoto/0729yatsushiro_naname/naname/qv/thumbnail/1131.JPG"
   }
  },
  {
   "type": "Feature",
   "geometry": {
    "type": "Point",
    "coordinates": [
     130.580556,
     32.547222
    ]
   },
   "properties": {
    "district": "八代地区",
    "photo_no": "1132",
    "captured_at": "2026-07-29T12:18:47+09:00",
    "viewer_url": "https://saigai.gsi.go.jp/1/index_dmc.html?R8_kumamoto/0729yatsushiro_naname/naname/qv/1132.JPG&0.00deg",
    "thumbnail_url": "https://saigai.gsi.go.jp/1/R8_kumamoto/0729yatsushiro_naname/naname/qv/thumbnail/1132.JPG"
   }
  },
  {
   "type": "Feature",
   "geometry": {
    "type": "Point",
    "coordinates": [
     130.583333,
     32.550278
    ]
   },
   "properties": {
    "district": "八代地区",
    "photo_no": "1133",
    "captured_at": "2026-07-29T12:18:53+09:00",
    "viewer_url": "https://saigai.gsi.go.jp/1/index_dmc.html?R8_kumamoto/0729yatsushiro_naname/naname/qv/1133.JPG&0.00deg",
    "thumbnail_url": "https://saigai.gsi.go.jp/1/R8_kumamoto/0729yatsushiro_naname/naname/qv/thumbnail/1133.JPG"
   }
  },
  {
   "type": "Feature",
   "geometry": {
    "type": "Point",
    "coordinates": [
     130.585833,
     32.553333
    ]
   },
   "properties": {
    "district": "八代地区",
    "photo_no": "1134",
    "captured_at": "2026-07-29T12:18:59+09:00",
    "viewer_url": "https://saigai.gsi.go.jp/1/index_dmc.html?R8_kumamoto/0729yatsushiro_naname/naname/qv/1134.JPG&0.00deg",
    "thumbnail_url": "https://saigai.gsi.go.jp/1/R8_kumamoto/0729yatsushiro_naname/naname/qv/thumbnail/1134.JPG"
   }
  },
  {
   "type": "Feature",
   "geometry": {
    "type": "Point",
    "coordinates": [
     130.590278,
     32.558611
    ]
   },
   "properties": {
    "district": "八代地区",
    "photo_no": "1135",
    "captured_at": "2026-07-29T12:19:09+09:00",
    "viewer_url": "https://saigai.gsi.go.jp/1/index_dmc.html?R8_kumamoto/0729yatsushiro_naname/naname/qv/1135.JPG&0.00deg",
    "thumbnail_url": "https://saigai.gsi.go.jp/1/R8_kumamoto/0729yatsushiro_naname/naname/qv/thumbnail/1135.JPG"
   }
  },
  {
   "type": "Feature",
   "geometry": {
    "type": "Point",
    "coordinates": [
     130.591944,
     32.560556
    ]
   },
   "properties": {
    "district": "八代地区",
    "photo_no": "1136",
    "captured_at": "2026-07-29T12:19:13+09:00",
    "viewer_url": "https://saigai.gsi.go.jp/1/index_dmc.html?R8_kumamoto/0729yatsushiro_naname/naname/qv/1136.JPG&0.00deg",
    "thumbnail_url": "https://saigai.gsi.go.jp/1/R8_kumamoto/0729yatsushiro_naname/naname/qv/thumbnail/1136.JPG"
   }
  },
  {
   "type": "Feature",
   "geometry": {
    "type": "Point",
    "coordinates": [
     130.595278,
     32.564167
    ]
   },
   "properties": {
    "district": "八代地区",
    "photo_no": "1137",
    "captured_at": "2026-07-29T12:19:21+09:00",
    "viewer_url": "https://saigai.gsi.go.jp/1/index_dmc.html?R8_kumamoto/0729yatsushiro_naname/naname/qv/1137.JPG&0.00deg",
    "thumbnail_url": "https://saigai.gsi.go.jp/1/R8_kumamoto/0729yatsushiro_naname/naname/qv/thumbnail/1137.JPG"
   }
  },
  {
   "type": "Feature",
   "geometry": {
    "type": "Point",
    "coordinates": [
     130.597778,
     32.567222
    ]
   },
   "properties": {
    "district": "八代地区",
    "photo_no": "1138",
    "captured_at": "2026-07-29T12:19:26+09:00",
    "viewer_url": "https://saigai.gsi.go.jp/1/index_dmc.html?R8_kumamoto/0729yatsushiro_naname/naname/qv/1138.JPG&0.00deg",
    "thumbnail_url": "https://saigai.gsi.go.jp/1/R8_kumamoto/0729yatsushiro_naname/naname/qv/thumbnail/1138.JPG"
   }
  },
  {
   "type": "Feature",
   "geometry": {
    "type": "Point",
    "coordinates": [
     130.601944,
     32.571944
    ]
   },
   "properties": {
    "district": "八代地区",
    "photo_no": "1139",
    "captured_at": "2026-07-29T12:19:35+09:00",
    "viewer_url": "https://saigai.gsi.go.jp/1/index_dmc.html?R8_kumamoto/0729yatsushiro_naname/naname/qv/1139.JPG&0.00deg",
    "thumbnail_url": "https://saigai.gsi.go.jp/1/R8_kumamoto/0729yatsushiro_naname/naname/qv/thumbnail/1139.JPG"
   }
  },
  {
   "type": "Feature",
   "geometry": {
    "type": "Point",
    "coordinates": [
     130.569722,
     32.564167
    ]
   },
   "properties": {
    "district": "八代地区",
    "photo_no": "1091",
    "captured_at": "2026-07-29T12:10:37+09:00",
    "viewer_url": "https://saigai.gsi.go.jp/1/index_dmc.html?R8_kumamoto/0729yatsushiro_naname/naname/qv/1091.JPG&0.00deg",
    "thumbnail_url": "https://saigai.gsi.go.jp/1/R8_kumamoto/0729yatsushiro_naname/naname/qv/thumbnail/1091.JPG"
   }
  },
  {
   "type": "Feature",
   "geometry": {
    "type": "Point",
    "coordinates": [
     130.567222,
     32.561111
    ]
   },
   "properties": {
    "district": "八代地区",
    "photo_no": "1092",
    "captured_at": "2026-07-29T12:10:43+09:00",
    "viewer_url": "https://saigai.gsi.go.jp/1/index_dmc.html?R8_kumamoto/0729yatsushiro_naname/naname/qv/1092.JPG&0.00deg",
    "thumbnail_url": "https://saigai.gsi.go.jp/1/R8_kumamoto/0729yatsushiro_naname/naname/qv/thumbnail/1092.JPG"
   }
  },
  {
   "type": "Feature",
   "geometry": {
    "type": "Point",
    "coordinates": [
     130.566111,
     32.56
    ]
   },
   "properties": {
    "district": "八代地区",
    "photo_no": "1093",
    "captured_at": "2026-07-29T12:10:46+09:00",
    "viewer_url": "https://saigai.gsi.go.jp/1/index_dmc.html?R8_kumamoto/0729yatsushiro_naname/naname/qv/1093.JPG&0.00deg",
    "thumbnail_url": "https://saigai.gsi.go.jp/1/R8_kumamoto/0729yatsushiro_naname/naname/qv/thumbnail/1093.JPG"
   }
  },
  {
   "type": "Feature",
   "geometry": {
    "type": "Point",
    "coordinates": [
     130.564167,
     32.557778
    ]
   },
   "properties": {
    "district": "八代地区",
    "photo_no": "1094",
    "captured_at": "2026-07-29T12:10:49+09:00",
    "viewer_url": "https://saigai.gsi.go.jp/1/index_dmc.html?R8_kumamoto/0729yatsushiro_naname/naname/qv/1094.JPG&0.00deg",
    "thumbnail_url": "https://saigai.gsi.go.jp/1/R8_kumamoto/0729yatsushiro_naname/naname/qv/thumbnail/1094.JPG"
   }
  },
  {
   "type": "Feature",
   "geometry": {
    "type": "Point",
    "coordinates": [
     130.562778,
     32.555833
    ]
   },
   "properties": {
    "district": "八代地区",
    "photo_no": "1095",
    "captured_at": "2026-07-29T12:10:52+09:00",
    "viewer_url": "https://saigai.gsi.go.jp/1/index_dmc.html?R8_kumamoto/0729yatsushiro_naname/naname/qv/1095.JPG&0.00deg",
    "thumbnail_url": "https://saigai.gsi.go.jp/1/R8_kumamoto/0729yatsushiro_naname/naname/qv/thumbnail/1095.JPG"
   }
  },
  {
   "type": "Feature",
   "geometry": {
    "type": "Point",
    "coordinates": [
     130.561111,
     32.554167
    ]
   },
   "properties": {
    "district": "八代地区",
    "photo_no": "1096",
    "captured_at": "2026-07-29T12:10:56+09:00",
    "viewer_url": "https://saigai.gsi.go.jp/1/index_dmc.html?R8_kumamoto/0729yatsushiro_naname/naname/qv/1096.JPG&0.00deg",
    "thumbnail_url": "https://saigai.gsi.go.jp/1/R8_kumamoto/0729yatsushiro_naname/naname/qv/thumbnail/1096.JPG"
   }
  },
  {
   "type": "Feature",
   "geometry": {
    "type": "Point",
    "coordinates": [
     130.559444,
     32.5525
    ]
   },
   "properties": {
    "district": "八代地区",
    "photo_no": "1097",
    "captured_at": "2026-07-29T12:10:59+09:00",
    "viewer_url": "https://saigai.gsi.go.jp/1/index_dmc.html?R8_kumamoto/0729yatsushiro_naname/naname/qv/1097.JPG&0.00deg",
    "thumbnail_url": "https://saigai.gsi.go.jp/1/R8_kumamoto/0729yatsushiro_naname/naname/qv/thumbnail/1097.JPG"
   }
  },
  {
   "type": "Feature",
   "geometry": {
    "type": "Point",
    "coordinates": [
     130.5575,
     32.55
    ]
   },
   "properties": {
    "district": "八代地区",
    "photo_no": "1098",
    "captured_at": "2026-07-29T12:11:02+09:00",
    "viewer_url": "https://saigai.gsi.go.jp/1/index_dmc.html?R8_kumamoto/0729yatsushiro_naname/naname/qv/1098.JPG&0.00deg",
    "thumbnail_url": "https://saigai.gsi.go.jp/1/R8_kumamoto/0729yatsushiro_naname/naname/qv/thumbnail/1098.JPG"
   }
  },
  {
   "type": "Feature",
   "geometry": {
    "type": "Point",
    "coordinates": [
     130.555833,
     32.548333
    ]
   },
   "properties": {
    "district": "八代地区",
    "photo_no": "1099",
    "captured_at": "2026-07-29T12:11:06+09:00",
    "viewer_url": "https://saigai.gsi.go.jp/1/index_dmc.html?R8_kumamoto/0729yatsushiro_naname/naname/qv/1099.JPG&0.00deg",
    "thumbnail_url": "https://saigai.gsi.go.jp/1/R8_kumamoto/0729yatsushiro_naname/naname/qv/thumbnail/1099.JPG"
   }
  },
  {
   "type": "Feature",
   "geometry": {
    "type": "Point",
    "coordinates": [
     130.552222,
     32.544167
    ]
   },
   "properties": {
    "district": "八代地区",
    "photo_no": "1100",
    "captured_at": "2026-07-29T12:11:13+09:00",
    "viewer_url": "https://saigai.gsi.go.jp/1/index_dmc.html?R8_kumamoto/0729yatsushiro_naname/naname/qv/1100.JPG&0.00deg",
    "thumbnail_url": "https://saigai.gsi.go.jp/1/R8_kumamoto/0729yatsushiro_naname/naname/qv/thumbnail/1100.JPG"
   }
  },
  {
   "type": "Feature",
   "geometry": {
    "type": "Point",
    "coordinates": [
     130.548889,
     32.540833
    ]
   },
   "properties": {
    "district": "八代地区",
    "photo_no": "1101",
    "captured_at": "2026-07-29T12:11:18+09:00",
    "viewer_url": "https://saigai.gsi.go.jp/1/index_dmc.html?R8_kumamoto/0729yatsushiro_naname/naname/qv/1101.JPG&0.00deg",
    "thumbnail_url": "https://saigai.gsi.go.jp/1/R8_kumamoto/0729yatsushiro_naname/naname/qv/thumbnail/1101.JPG"
   }
  },
  {
   "type": "Feature",
   "geometry": {
    "type": "Point",
    "coordinates": [
     130.545833,
     32.537222
    ]
   },
   "properties": {
    "district": "八代地区",
    "photo_no": "1102",
    "captured_at": "2026-07-29T12:11:24+09:00",
    "viewer_url": "https://saigai.gsi.go.jp/1/index_dmc.html?R8_kumamoto/0729yatsushiro_naname/naname/qv/1102.JPG&0.00deg",
    "thumbnail_url": "https://saigai.gsi.go.jp/1/R8_kumamoto/0729yatsushiro_naname/naname/qv/thumbnail/1102.JPG"
   }
  },
  {
   "type": "Feature",
   "geometry": {
    "type": "Point",
    "coordinates": [
     130.543333,
     32.534167
    ]
   },
   "properties": {
    "district": "八代地区",
    "photo_no": "1103",
    "captured_at": "2026-07-29T12:11:30+09:00",
    "viewer_url": "https://saigai.gsi.go.jp/1/index_dmc.html?R8_kumamoto/0729yatsushiro_naname/naname/qv/1103.JPG&0.00deg",
    "thumbnail_url": "https://saigai.gsi.go.jp/1/R8_kumamoto/0729yatsushiro_naname/naname/qv/thumbnail/1103.JPG"
   }
  },
  {
   "type": "Feature",
   "geometry": {
    "type": "Point",
    "coordinates": [
     130.540556,
     32.531111
    ]
   },
   "properties": {
    "district": "八代地区",
    "photo_no": "1104",
    "captured_at": "2026-07-29T12:11:35+09:00",
    "viewer_url": "https://saigai.gsi.go.jp/1/index_dmc.html?R8_kumamoto/0729yatsushiro_naname/naname/qv/1104.JPG&0.00deg",
    "thumbnail_url": "https://saigai.gsi.go.jp/1/R8_kumamoto/0729yatsushiro_naname/naname/qv/thumbnail/1104.JPG"
   }
  },
  {
   "type": "Feature",
   "geometry": {
    "type": "Point",
    "coordinates": [
     130.536389,
     32.526389
    ]
   },
   "properties": {
    "district": "八代地区",
    "photo_no": "1105",
    "captured_at": "2026-07-29T12:11:42+09:00",
    "viewer_url": "https://saigai.gsi.go.jp/1/index_dmc.html?R8_kumamoto/0729yatsushiro_naname/naname/qv/1105.JPG&0.00deg",
    "thumbnail_url": "https://saigai.gsi.go.jp/1/R8_kumamoto/0729yatsushiro_naname/naname/qv/thumbnail/1105.JPG"
   }
  },
  {
   "type": "Feature",
   "geometry": {
    "type": "Point",
    "coordinates": [
     130.535,
     32.524444
    ]
   },
   "properties": {
    "district": "八代地区",
    "photo_no": "1106",
    "captured_at": "2026-07-29T12:11:46+09:00",
    "viewer_url": "https://saigai.gsi.go.jp/1/index_dmc.html?R8_kumamoto/0729yatsushiro_naname/naname/qv/1106.JPG&0.00deg",
    "thumbnail_url": "https://saigai.gsi.go.jp/1/R8_kumamoto/0729yatsushiro_naname/naname/qv/thumbnail/1106.JPG"
   }
  },
  {
   "type": "Feature",
   "geometry": {
    "type": "Point",
    "coordinates": [
     130.529444,
     32.518611
    ]
   },
   "properties": {
    "district": "八代地区",
    "photo_no": "1107",
    "captured_at": "2026-07-29T12:11:56+09:00",
    "viewer_url": "https://saigai.gsi.go.jp/1/index_dmc.html?R8_kumamoto/0729yatsushiro_naname/naname/qv/1107.JPG&0.00deg",
    "thumbnail_url": "https://saigai.gsi.go.jp/1/R8_kumamoto/0729yatsushiro_naname/naname/qv/thumbnail/1107.JPG"
   }
  },
  {
   "type": "Feature",
   "geometry": {
    "type": "Point",
    "coordinates": [
     130.526389,
     32.514722
    ]
   },
   "properties": {
    "district": "八代地区",
    "photo_no": "1108",
    "captured_at": "2026-07-29T12:12:01+09:00",
    "viewer_url": "https://saigai.gsi.go.jp/1/index_dmc.html?R8_kumamoto/0729yatsushiro_naname/naname/qv/1108.JPG&0.00deg",
    "thumbnail_url": "https://saigai.gsi.go.jp/1/R8_kumamoto/0729yatsushiro_naname/naname/qv/thumbnail/1108.JPG"
   }
  },
  {
   "type": "Feature",
   "geometry": {
    "type": "Point",
    "coordinates": [
     130.524722,
     32.513056
    ]
   },
   "properties": {
    "district": "八代地区",
    "photo_no": "1109",
    "captured_at": "2026-07-29T12:12:04+09:00",
    "viewer_url": "https://saigai.gsi.go.jp/1/index_dmc.html?R8_kumamoto/0729yatsushiro_naname/naname/qv/1109.JPG&0.00deg",
    "thumbnail_url": "https://saigai.gsi.go.jp/1/R8_kumamoto/0729yatsushiro_naname/naname/qv/thumbnail/1109.JPG"
   }
  },
  {
   "type": "Feature",
   "geometry": {
    "type": "Point",
    "coordinates": [
     130.521944,
     32.51
    ]
   },
   "properties": {
    "district": "八代地区",
    "photo_no": "1110",
    "captured_at": "2026-07-29T12:12:09+09:00",
    "viewer_url": "https://saigai.gsi.go.jp/1/index_dmc.html?R8_kumamoto/0729yatsushiro_naname/naname/qv/1110.JPG&0.00deg",
    "thumbnail_url": "https://saigai.gsi.go.jp/1/R8_kumamoto/0729yatsushiro_naname/naname/qv/thumbnail/1110.JPG"
   }
  }
 ]
}